Dimer Name,Family Name,ED(MP),ED(MPrc),ED(NMP),ED(NMPrc),mmd
ALX4_EOMES,Homeo_Tbox,0.432026052242909,0.432678062866789,0.36408744328236997,0.36355141244469,0.5441734049221998
ALX4_TBX21,Homeo_Tbox,0.33680157523834897,0.321577272886581,0.293411500555493,0.29363596228056,0.5604805886382761
ALX4_TBX21_2,Homeo_Tbox,0.412601559152961,0.305856768610304,0.392314677744932,0.256245018238741,0.5384477698919465
HOXA3_EOMES,Homeo_Tbox,0.452627297403424,0.323981472860413,0.41672098306935995,0.269649255926334,0.18933902550647527
HOXB13_EOMES,Homeo_Tbox,0.34817649196259604,0.36664146891168,0.29841492642320505,0.328570385435485,0.45346768235540713
HOXB13_EOMES_2,Homeo_Tbox,0.333892135645282,0.36595473857324295,0.333892135645282,0.36595473857324295,0.4953033556712637
HOXB13_TBX21,Homeo_Tbox,0.44935948998218894,0.328274945498265,0.45913657864244395,0.330846062628366,0.5721145666996325
HOXB13_TBX21_2,Homeo_Tbox,0.461891766939896,0.31547132078712,0.458424318922546,0.267651130851506,0.62712749550796
HOXB13_TBX21_3,Homeo_Tbox,0.262351924041292,0.447195094790274,0.257416285427507,0.449119970893786,0.26142568408211486
HOXB13_TBX3,Homeo_Tbox,0.262121009329524,0.417688681570564,0.289806849954515,0.42348360951547104,0.3031323685792295
HOXB13_TBX3_2,Homeo_Tbox,0.303673709702868,0.4676970739965589,0.279021153085926,0.422532924648697,0.2625545253536117
HOXB2_EOMES,Homeo_Tbox,0.37829169828393,0.35881408599556697,0.40347219475866,0.376280740000396,0.5798225563476579
HOXB2_EOMES_2,Homeo_Tbox,0.126804446923489,0.40934543339879403,0.0919024732169063,0.3883762583306021,0.17831316450318488
HOXB2_TBX3,Homeo_Tbox,0.10661590746330801,0.44530736700814394,0.141859962059044,0.399292542029751,0.32275891872204027
HOXC10_EOMES,Homeo_Tbox,0.242622433357809,0.28114385190393204,0.200261577537032,0.30815197127377303,0.5094197941926785
HOXC10_TBX21,Homeo_Tbox,0.44059733281714497,0.554044103305264,0.39316715009961606,0.478977032072295,0.5416385851802126
HOXD12_EOMES,Homeo_Tbox,0.181489986429881,0.4373551376797511,0.18114475083408701,0.39146867275297703,0.49257352857280406
HOXD12_EOMES_2,Homeo_Tbox,0.379386290188739,0.34248150423849394,0.34086378892747,0.334012617303199,0.4576301448805257
HOXD12_EOMES_3,Homeo_Tbox,0.237396297438659,0.46696980902694607,0.218968686888126,0.42066681313398496,0.24390599726685988
HOXD12_TBX21,Homeo_Tbox,0.42830959256901896,0.418360232926014,0.39606405975693204,0.417828279195134,0.6409012647065772
HOXD12_TBX21_2,Homeo_Tbox,0.170030964965174,0.372109689338606,0.133241613592251,0.290111979556037,0.36029804506970997
HOXD12_TBX21_3,Homeo_Tbox,0.32798611117392,0.439134105676668,0.28369784895164096,0.428617937068716,0.3559156179920394
PITX1_EOMES,Homeo_Tbox,0.430695374784655,0.400123137682041,0.38236385648749105,0.36597259096907103,0.629462369596447
PITX1_EOMES_2,Homeo_Tbox,0.309564152921839,0.47730005900235495,0.273457384722964,0.4237661340679221,0.2720465773032636
PITX1_TBX21,Homeo_Tbox,0.320904862779786,0.48665916028244505,0.33183239915900603,0.47614435866962895,0.34779109396399277
ARNTL_BHLHA15,bHLH_bHLH,0.397961312269466,0.367987178583196,0.417589002440269,0.368375194224269,0.49084849378531337
CLOCK_BHLHA15,bHLH_bHLH,0.285170768603771,0.23735368223178,0.292870432853692,0.240544214173773,0.36797850228423334
CLOCK_FIGLA,bHLH_bHLH,0.23924184843016102,0.271794698249191,0.249267699915673,0.27603889783247,0.24440886893268446
CLOCK_FIGLA_2,bHLH_bHLH,0.24042931649460397,0.27028245813109497,0.24707882561151798,0.26805545888918997,0.27555114322637925
CLOCK_NHLH1,bHLH_bHLH,0.322886676285578,0.259277789620975,0.33423869341561196,0.253783929966998,0.419285432982027
CLOCK_NHLH1_2,bHLH_bHLH,0.34240267634657107,0.27030127549792005,0.355957244540925,0.255032308713062,0.40161786218483647
TFAP4_MAX,bHLH_bHLH,0.242683214330026,0.33161373475852,0.24575667101985,0.336884057178021,0.3431244933059487
TFAP4_MAX_2,bHLH_bHLH,0.299821683797474,0.331814212579527,0.305235095883823,0.340173223969561,0.19875864189074188
ARNTL_PITX1,bHLH_Homeo,0.31638993425598105,0.527410720841459,0.28546444627499,0.513531204216106,0.2899830355835662
ARNTL_PITX1_2,bHLH_Homeo,0.499028990741831,0.24595842869207601,0.476928899690263,0.21568050652082196,0.715816864283213
CLOCK_EVX1,bHLH_Homeo,0.251441464247197,0.43412596226045297,0.25230994462972195,0.403283898372561,0.5690193131313315
CLOCK_EVX1_2,bHLH_Homeo,0.46888198760470895,0.340723571329223,0.468486931401609,0.34124624362307204,0.3015320594613171
CLOCK_EVX1_3,bHLH_Homeo,0.356028533942564,0.30319876070320695,0.37814408826512297,0.293235883195763,0.2256193017883722
CLOCK_EVX1_4,bHLH_Homeo,0.39548698047888503,0.24176955322312102,0.36164243748408503,0.231369931969503,0.22606754570672094
TEAD4_HOXA13,bHLH_Homeo,0.424244494028417,0.21292932063384398,0.41817314631042396,0.216385252366716,0.7710077327463748
TEAD4_HOXA13_2,bHLH_Homeo,0.391696335113234,0.455780410025736,0.37697035588632105,0.428841602913815,0.6537078836823585
TEAD4_HOXA13_3,bHLH_Homeo,0.274521557493799,0.41593378084722205,0.262015663494273,0.38537218100288206,0.4499878898972555
TEAD4_HOXA13_4,bHLH_Homeo,0.23900928874438898,0.38935678673219004,0.24610047621254197,0.37802187985307,0.1942868834232782
TFAP4_DLX3,bHLH_Homeo,0.263349085703804,0.442911697745095,0.255811011380695,0.40842565009370796,0.22549677282349395
TFAP4_DLX3_2,bHLH_Homeo,0.411167881915479,0.23461498687424698,0.400351592061711,0.226726131167742,0.6175486551141605
ATF4_CEBPB,bZIP_bZIP,0.0678154859426621,0.452957456870457,0.0775982162818172,0.45395943080383294,0.2833409609463842
ATF4_CEBPD,bZIP_bZIP,0.31749298345709304,0.46142900173326895,0.243324035931878,0.429420692844711,0.4572668712179982
ATF4_TEF,bZIP_bZIP,0.17002665213617701,0.44865679111106394,0.19327782161736998,0.46008864172163894,0.38683909037326863
CEBPG_ATF4,bZIP_bZIP,0.25867234031986,0.4931517880163401,0.220630729687429,0.495368244631274,0.36626034553050296
CEBPG_CREB3L1,bZIP_bZIP,0.496357772690866,0.47444153723561705,0.47933042183915997,0.48614111307968394,0.37919314173475444
CUX1_HOXA13,HomeoCUT_Homeo,0.46864185454097496,0.33474995013999603,0.436887678979791,0.32393532090663596,0.6373974414579566
CUX1_HOXA13_2,HomeoCUT_Homeo,0.332056679067661,0.506917566274435,0.31471251878706397,0.49806223543049,0.2631292333220144
CUX1_HOXB13,HomeoCUT_Homeo,0.48280594077050604,0.366621817832704,0.476821003517735,0.332854565652752,0.6179976266532876
CUX1_PITX1,HomeoCUT_Homeo,0.47446409478656704,0.36626073655106395,0.430116629729834,0.36728029188576794,0.5920954260888237
E2F1_EOMES,E2F_Tbox,0.336364520655719,0.23806107228483603,0.339326583555595,0.25107462398575603,0.5637473626470583
E2F1_EOMES_2,E2F_Tbox,0.27110748377916394,0.331539856958654,0.276409652874111,0.28253479343253,0.3163826652576225
E2F3_EOMES,E2F_Tbox,0.419166067172853,0.330465803908799,0.4172738511805879,0.322433850074422,0.5064810332708735
E2F3_TBX21,E2F_Tbox,0.434361030572493,0.13745562298828198,0.41824406992010205,0.14315549688545198,0.6064516621323631
E2F3_TBX21_2,E2F_Tbox,0.44256322556515604,0.21831006094078897,0.434462815950717,0.21081764102569603,0.6168613430808312
E2F3_TBX21_3,E2F_Tbox,0.314593400608003,0.41614403594214094,0.315102651046984,0.4131759274721671,0.31942500572099
E2F1_HES7,E2F_bHLH,0.34224256021309996,0.24031901868753697,0.37895296787479604,0.263917171605255,0.4987901352925776
E2F1_HES7_2,E2F_bHLH,0.311004181700099,0.25728730064530997,0.30795285052347304,0.24157708767243602,0.46257982797553604
E2F1_NHLH1,E2F_bHLH,0.389526432817901,0.278870589314504,0.3641701249872629,0.296702130061858,0.5369680186686866
E2F3_HES7,E2F_bHLH,0.40027158141334207,0.31078910805743,0.3613079504879779,0.292615009426687,0.5324374246164716
ELK1_EOMES,ETS_Tbox,0.272423872985872,0.383306735129812,0.250224755251262,0.361690409475447,0.3771497465579848
ELK1_EOMES_2,ETS_Tbox,0.415744593897221,0.27413251320770105,0.413237890379664,0.28002671196885903,0.6272903154600061
ELK1_EOMES_3,ETS_Tbox,0.14981506037504402,0.319433526684539,0.14981506037504402,0.319433526684539,0.16877580938847736
ELK1_TBX21,ETS_Tbox,0.237203074803316,0.389112295416004,0.21829047438791,0.37981465543479,0.38707928854432644
ELK1_TBX21_2,ETS_Tbox,0.18395207894799803,0.3875955140650871,0.15767513949368303,0.39794932395772203,0.17864385277293854
ELK1_TBX21_3,ETS_Tbox,0.300573587469389,0.380313281181686,0.263212769104774,0.39078232054885403,0.4208375308253128
ELK1_TBX21_4,ETS_Tbox,0.16465330741772902,0.362572295295151,0.18099564719416297,0.37452522040378494,0.333989462950699
ERF_EOMES,ETS_Tbox,0.24934355549963,0.36671769263395504,0.24080034112363,0.35353890935946597,0.25544584601312803
ERF_EOMES_2,ETS_Tbox,0.188065844257196,0.33967605073361895,0.17134866630601198,0.35002585869179703,0.516037335007072
ERF_TBX21,ETS_Tbox,0.27199345714886,0.273460011093731,0.254096155078625,0.264469497801103,0.22809120459395604
ERF_TBX21_2,ETS_Tbox,0.18449706229368698,0.422161346779917,0.169150490517477,0.408481492557692,0.4203456038624118
ETV2_EOMES,ETS_Tbox,0.2256716218015,0.37032771096614003,0.23231978238100898,0.364697074638628,0.22639204419009953
ETV2_EOMES_2,ETS_Tbox,0.133481321436,0.32971626459854697,0.14593459142683202,0.332191235050461,0.40018992278304305
ETV2_EOMES_3,ETS_Tbox,0.36108506253762,0.269857899600034,0.37717052526197703,0.25142178968351303,0.5352352563684547
ETV2_TBX21,ETS_Tbox,0.30817293078192304,0.38997577642935904,0.28689471927059995,0.38371741278672905,0.3358242447775568
ETV2_TBX21_2,ETS_Tbox,0.282738421612769,0.39346430347611405,0.24675077703978,0.39416862933841995,0.5231735193219319
ETV2_TBX21_3,ETS_Tbox,0.40604891085424,0.376581111167951,0.39711939343836894,0.35877381850300394,0.5693768210430681
ETV5_EOMES,ETS_Tbox,0.22679026455514004,0.346123540448718,0.242887139752054,0.330721994156354,0.35629922585616114
ETV5_EOMES_2,ETS_Tbox,0.1352887689032,0.29726625283207697,0.126651546736214,0.30360525686516604,0.3192304179734755
ETV7_TBX21,ETS_Tbox,0.387590328003622,0.32983997636727697,0.380109645765514,0.315725934478417,0.5696203952218039
ETV7_TBX21_2,ETS_Tbox,0.401900660722346,0.311860933934168,0.401900660722346,0.311860933934168,0.5761137955107288
ELK1_ETV7,ETS_ETS,0.260699583210317,0.3524789433530921,0.549495433171789,0.58283874314921,0.4375600915684516
ELK1_SPDEF,ETS_ETS,0.523699608819412,0.32307669185443,2.30164622880081,2.18274344420311,0.6742541885488976
ERF_ETV7,ETS_ETS,0.297881906082141,0.42610169092462397,0.297881906082141,0.42610169092462397,0.4953247276536999
ETV2_ETV7,ETS_ETS,0.427281203650681,0.477190509989198,0.34295890204869395,0.47839137039041996,0.6072707670202167
ETV2_SPDEF,ETS_ETS,0.35530925326745794,0.46237025385914604,0.42264337548041997,0.47980297286868,0.6304267208706903
ETV5_ETV7,ETS_ETS,0.363029121520998,0.451286388190322,0.377929127902541,0.49830359590883,0.41398656142667556
FLI1_ETV7,ETS_ETS,0.343785979278797,0.31463474655537105,0.38542694977599,0.35847328896660796,0.3682281069982483
ELK1_EVX1,ETS_Homeo,0.25531794141811803,0.459616440722217,0.220529052033081,0.509680538861803,0.3078871375539287
ELK1_HOXA1,ETS_Homeo,0.284696044679486,0.5366058597807329,0.30210695657136305,0.535353177928051,0.23765527731130787
ELK1_HOXA3,ETS_Homeo,0.23323702249664102,0.287344903162837,0.24510847682900197,0.29142494007033604,0.43999521005618947
ELK1_HOXA3_2,ETS_Homeo,0.253337982400971,0.488813647470714,0.22677478866381398,0.48531659959361606,0.3000125465421821
ELK1_HOXB13,ETS_Homeo,0.299864793249342,0.568840314626004,0.23879072072030302,0.573505744534198,0.20028291333060416
ELK1_HOXB13_2,ETS_Homeo,0.208487002631488,0.45477785816920707,0.21112252966976602,0.44388161374219204,0.26288017337853636
ERF_DLX2,ETS_Homeo,0.20475502739880103,0.49315359249321705,0.219531383584793,0.478022362155503,0.13750474348208155
ERF_DLX2_2,ETS_Homeo,0.202649526613212,0.449590211738529,0.20693746166763802,0.44123221004466207,0.20664540056793818
ERF_DLX3,ETS_Homeo,0.21021357303075197,0.45920410393923206,0.18270290985051102,0.4218580913667849,0.18438796939378324
ERF_DLX3_2,ETS_Homeo,0.0974725071785982,0.491757454873529,0.0942018797033454,0.434328818933049,0.13784694159444022
ERF_HOXA3,ETS_Homeo,0.247872847997853,0.455581863474707,0.254948417885887,0.427283302760185,0.2299290482512391
ERF_HOXB13,ETS_Homeo,0.20771845730715804,0.470754065612069,0.215353196096689,0.45708607888286407,0.15458389813292156
ERF_PITX1,ETS_Homeo,0.18577136612108602,0.42279136308085397,0.0909146698024888,0.418164456258568,0.2989748656044366
ERF_PITX1_2,ETS_Homeo,0.17161013886648302,0.420274859523596,0.220936160851749,0.431441885508442,0.2287078875555198
ETV2_DLX2,ETS_Homeo,0.232918725342769,0.504490722260049,0.24605327113563397,0.5035738164711551,0.19564421512075977
ETV2_DLX2_2,ETS_Homeo,0.18497403255498301,0.49927473479798706,0.19435522367132999,0.466793524270009,0.10398438711647966
ETV2_DLX3,ETS_Homeo,0.18217361801179502,0.39224569682288296,0.189727751467266,0.39346933245741705,0.24402874192881957
ETV2_DLX3_2,ETS_Homeo,0.18926192087976396,0.47642533493759603,0.16665179825308,0.488973841304714,0.15406426611233442
ETV2_DLX3_3,ETS_Homeo,0.24742217835337602,0.478387247979677,0.25412285490591696,0.430475787476438,0.12453899408695768
ETV2_DLX3_4,ETS_Homeo,0.470271292686845,0.385745582941515,0.452116885200761,0.413745485562847,0.661995641348389
ETV2_DRGX,ETS_Homeo,0.212251296849197,0.44022949848445103,0.222661386600752,0.417807958979726,0.29343250958100625
ETV2_DRGX_2,ETS_Homeo,0.16761104445243802,0.3903768225978789,0.184782143356179,0.399564975787142,0.23353254703616452
ETV2_EVX1,ETS_Homeo,0.23251783451778,0.480096183339284,0.22279444639804502,0.484423491456181,0.22464194190509165
ETV2_GSC2,ETS_Homeo,0.27367375357971196,0.45194514743913,0.259215155249505,0.436047966262157,0.24362816431177667
ETV2_GSC2_2,ETS_Homeo,0.24271462846726197,0.45502820783016207,0.253754009323578,0.46075027323758105,0.2812793922685621
ETV2_GSC2_3,ETS_Homeo,0.290792672411173,0.45013412308045,0.274968744490978,0.431071031307006,0.16679170149361508
ETV2_GSC2_4,ETS_Homeo,0.262529536634238,0.462258633621195,0.268534736734832,0.46082882402358505,0.2947351149866831
ETV2_GSC2_5,ETS_Homeo,0.27858810547525,0.472616640435284,0.292408645214835,0.48179301505720296,0.3294666519272942
ETV2_HOXA2,ETS_Homeo,0.20642115828996,0.477605148131404,0.21466573361345898,0.446409366787336,0.23120935224915554
ETV2_HOXA2_2,ETS_Homeo,0.246036003002554,0.453806255693716,0.282694885444657,0.434117856799434,0.08278499422962722
ETV2_HOXB13,ETS_Homeo,0.181591585095119,0.45417947193299396,0.23202967729849103,0.458716183860064,0.25040215368751745
ETV2_HOXB13_2,ETS_Homeo,0.28431062714813204,0.47111537528333397,0.282899476817596,0.49199742293841,0.2690068167979637
ETV2_PITX1,ETS_Homeo,0.296491223854009,0.519199367968003,0.258698519060234,0.45452345805516997,0.13691945044313153
ETV5_DLX2,ETS_Homeo,0.21954291598739104,0.46433452349780796,0.212566373158126,0.471608049520956,0.14777529915520282
ETV5_DRGX,ETS_Homeo,0.301233955655279,0.428136639109244,0.28712627394104806,0.39815228236069605,0.3043182193444403
ETV5_DRGX_2,ETS_Homeo,0.44650227374145596,0.39339253425937504,0.409148900758671,0.355424790303552,0.6340267661473722
ETV5_EVX1,ETS_Homeo,0.22253450065964103,0.421853058219041,0.18228146891361496,0.407927632071082,0.32326039387324496
ETV5_EVX1_2,ETS_Homeo,0.259242730465888,0.4867474498563579,0.22912746961080202,0.45548421922608706,0.2262074208786657
ETV5_EVX1_3,ETS_Homeo,0.31875022261844704,0.422783648895545,0.28707866187932896,0.39026622741285494,0.2925269902224887
ETV5_HOXA13,ETS_Homeo,0.24703627410314802,0.483827981503874,0.26255806096851003,0.458157795574947,0.227971614592405
ETV5_HOXA2,ETS_Homeo,0.25686185333877204,0.499354883949558,0.238344446300823,0.46924291025139203,0.20993486310033838
ETV5_HOXA2_2,ETS_Homeo,0.24995696306986,0.323851935812268,0.223259338222965,0.308874750491057,0.23755900719484763
ETV5_HOXA2_3,ETS_Homeo,0.18916573198585504,0.42389875920407205,0.17468318134851601,0.40215885488782793,0.3724160572222407
ETV5_HOXB13,ETS_Homeo,0.252755425969579,0.439226620481147,0.262881248843033,0.46547051356776,0.2840314022175937
FLI1_DLX2,ETS_Homeo,0.27427000124644,0.44569827995526,0.287388798794699,0.43179808786842294,0.4167440524665988
FLI1_DLX2_2,ETS_Homeo,0.23826837832059,0.441482300852993,0.245978433097075,0.437325365791267,0.27799748895966947
FLI1_DRGX,ETS_Homeo,0.300277016509017,0.35624299630146294,0.28772881521449,0.34544692484999606,0.17295342441154557
FLI1_HOXB13,ETS_Homeo,0.30602312536420895,0.272777355490175,0.325233249745407,0.32288503153090004,0.3984634839905098
ELK1_FOXI1,ETS_Fox,0.491891150550336,0.54417991880326,0.484158700811301,0.55626112232638,0.7631139011228054
ELK1_FOXI1_2,ETS_Fox,0.520345580794146,0.5373246002619511,0.515755078001557,0.46904415546378797,0.738653095864423
ELK1_FOXI1_3,ETS_Fox,0.591204352511793,0.499377708778633,0.530156721343608,0.47041470524960294,0.3067352955912585
ELK1_FOXI1_4,ETS_Fox,0.41964722899938106,0.5277653525511661,0.342855675441785,0.43687824357191396,0.41259369338192425
ELK1_FOXI1_5,ETS_Fox,0.508973686119517,0.518836589278262,0.4751804316368571,0.506706572467744,0.6546622418924041
ELK1_FOXI1_6,ETS_Fox,0.485366615672125,0.499915612009377,0.45556089840672204,0.45629565187111104,0.6737216340354631
ERF_FOXI1,ETS_Fox,0.540254475003854,0.562227437087389,0.5096722408825399,0.5488700047199071,0.7613351268555438
ERF_FOXI1_2,ETS_Fox,0.297892887030637,0.34192583931262704,0.278566709678841,0.369239847751629,0.47149814224853065
ERF_FOXI1_3,ETS_Fox,0.27761166151960803,0.37585534180369706,0.26195501472396804,0.358976330525008,0.2673065485610998
ERF_FOXO1,ETS_Fox,0.497712674532516,0.42281959822053095,0.501748467896438,0.36318141944429294,0.6649085163326887
ETV2_FOXI1,ETS_Fox,0.5561831254742221,0.512209376996984,0.527407754830177,0.47791370580502207,0.7865617192580745
ETV2_FOXI1_2,ETS_Fox,0.286102669378201,0.576905203750356,0.31810025567238104,0.544442818453599,0.401971442864834
ETV2_FOXI1_3,ETS_Fox,0.26945603611840097,0.4597639447819071,0.274911019964868,0.41839794987067996,0.36156456700649087
ETV2_FOXI1_4,ETS_Fox,0.272240829356718,0.53365556461978,0.31301581549568896,0.49258296983618394,0.27128913592136156
ETV2_FOXI1_5,ETS_Fox,0.560712028521819,0.5412573348024029,0.529303174159961,0.512694525256387,0.794316304211384
ETV2_FOXO6,ETS_Fox,0.549943142069157,0.47782604134928097,0.49719299300065206,0.44648895086487,0.7886548234340315
ETV5_FOXI1,ETS_Fox,0.326428580649935,0.41311758672183796,0.379228970280501,0.42640998828157595,0.46148212998633703
ETV5_FOXI1_2,ETS_Fox,0.443227026046868,0.403691329154291,0.43566995445615997,0.431414375279525,0.23744812997538198
ETV5_FOXI1_3,ETS_Fox,0.48531873948158205,0.496821662913069,0.452659206616334,0.486214717973193,0.3038553519168123
ETV5_FOXO1,ETS_Fox,0.44473124195166996,0.327999631102162,0.393006134113264,0.293972325263891,0.660705414889462
ETV5_FOXO1_2,ETS_Fox,0.26598019101151804,0.449241430977474,0.24343622273111998,0.43145366230692295,0.14964204094526398
FLI1_FOXI1,ETS_Fox,0.5411613850999509,0.40132737186442397,0.559467210267662,0.40378427003209294,0.565193206258543
FLI1_FOXI1_2,ETS_Fox,0.44162401694041603,0.38217825190049104,0.44130039566024604,0.368619375108391,0.5942776805419354
FLI1_FOXI1_3,ETS_Fox,0.322212719893096,0.47852045823005795,0.2834545634893,0.485991739012114,0.4829013615360822
FLI1_FOXI1_4,ETS_Fox,0.406434108586564,0.38874799323876397,0.43852747270344605,0.360287206572554,0.21597350829431158
ELK1_ONECUT2,ETS_HomeoCut,0.333600329423847,0.535948099103367,0.326364194534652,0.525106789675272,0.32705736175470873
ERF_ONECUT2,ETS_HomeoCut,0.290984456160467,0.469174634597257,0.266089679869382,0.454233543177086,0.2402769593898765
ETV2_ONECUT2,ETS_HomeoCut,0.4421814210018571,0.353478269079085,0.440709078530623,0.342613892417069,0.6648202048281212
ETV2_ONECUT2_2,ETS_HomeoCut,0.4698746870052029,0.30532334862413696,0.469316437537805,0.327638795176819,0.623021511820206
ETV2_ONECUT2_3,ETS_HomeoCut,0.262247999847897,0.49140529175059794,0.271500140655953,0.497487277833699,0.16869758322398462
ETV2_ONECUT2_4,ETS_HomeoCut,0.263785563799327,0.43596174035580104,0.306380578521625,0.460164291124302,0.20880928529497272
ETV2_ONECUT2_5,ETS_HomeoCut,0.279707395951604,0.40531261581066497,0.31015892510554,0.44409242862053705,0.31775516129732745
FLI1_ONECUT2,ETS_HomeoCut,0.251702214519705,0.420935927480255,0.311972880333368,0.43016192499282396,0.3556386649550645
ELK1_PAX1,ETS_PAX,0.27990772407717796,0.563269443832419,0.304328003058373,0.516240456330766,0.33134105320326
ELK1_PAX5,ETS_PAX,0.450899033521666,0.712503420284912,0.40633024639376,0.620283860495597,0.23793105752075105
ELK1_PAX9,ETS_PAX,0.47626863141178205,0.491497889024732,0.4247311083039,0.45097953097922794,0.4513756983691518
ETV2_PAX5,ETS_PAX,0.27167260030242396,0.505412503757219,0.274924789356051,0.497644891103995,0.3343629067803608
ELK1_SREBF2,ETS_bHLH,0.5862649989131011,0.37603837371163795,0.538057381686309,0.364530516549007,0.78898089489853
ELK1_SREBF2_2,ETS_bHLH,0.135135334322441,0.553041675923938,0.0864846891910862,0.536123163528177,0.17466237593126518
ERF_CLOCK,ETS_bHLH,0.35138269999020005,0.479246621866692,0.33838721513245695,0.48187820523113795,0.2209929853330167
ERF_FIGLA,ETS_bHLH,0.284227323211416,0.443306771173694,0.284227323211416,0.443306771173694,0.2784103528143672
ERF_HES7,ETS_bHLH,0.473324897598617,0.38873213139793394,0.43515947670291,0.34906051941646193,0.6953598754166831
ERF_HES7_2,ETS_bHLH,0.328313628306023,0.504884209579184,0.31538703077325203,0.492783399927738,0.27121316220200786
ERF_HES7_3,ETS_bHLH,0.37887425699536204,0.527569364895652,0.29817711618722903,0.428272977218675,0.3374279391125075
ERF_MAX,ETS_bHLH,0.48739256278861104,0.480584525818403,0.494803935304074,0.313848586968323,0.6842118291184366
ERF_NHLH1,ETS_bHLH,0.594546127774959,0.41961509462975505,0.5670292518081329,0.404814174079674,0.6916416480078852
ERF_SREBF2,ETS_bHLH,0.24268818579939302,0.586412634775521,0.274131960026381,0.556573153789537,0.14258508018246874
ERF_SREBF2_2,ETS_bHLH,0.5436599567314879,0.350320125291381,0.525500884418424,0.358939557620096,0.7965507862140725
ETV2_BHLHA15,ETS_bHLH,0.33682480623838296,0.45083867536649397,0.32938068576178997,0.42086576075286797,0.2842376367437808
ETV2_CLOCK,ETS_bHLH,0.269881959280868,0.45665045625510403,0.268498904582411,0.40641172781192897,0.19322437133788828
ETV2_FIGLA,ETS_bHLH,0.295547537625919,0.504624160520083,0.305945338685457,0.50490269356728,0.3277547294479063
ETV2_FIGLA_2,ETS_bHLH,0.40049868753968393,0.26960865192480704,0.3399940717545769,0.24997054148936898,0.6190280254120606
ETV2_HES7,ETS_bHLH,0.535316730787801,0.437054475968432,0.49746149735199696,0.364545310241014,0.7408632972317899
ETV2_HES7_2,ETS_bHLH,0.32878888770202197,0.493249881033643,0.326676244678199,0.486423430698615,0.27245043492833665
ETV2_HES7_3,ETS_bHLH,0.41202787643291205,0.477659198921144,0.32710223442498,0.437996731052995,0.30802577956659644
ETV2_NHLH1,ETS_bHLH,0.314250193436659,0.48086734590448,0.29138704819961,0.498686154536084,0.524166996812777
ETV2_NHLH1_2,ETS_bHLH,0.40266362694464103,0.49311715095897707,0.462396092957424,0.335228977910818,0.6430537216327121
ETV2_SREBF2,ETS_bHLH,0.30689545512664695,0.440822356436705,0.286726916558352,0.45798937396168393,0.31314324180957304
ETV2_SREBF2_2,ETS_bHLH,0.358067717428099,0.500622978137389,0.33789609798861,0.48160517203049397,0.2550680563655783
ETV2_TCF3,ETS_bHLH,0.20635701066439102,0.37611003937619897,0.267113500407066,0.40971903605602705,0.26926339113127196
ETV5_CLOCK,ETS_bHLH,0.243334481458526,0.379610882293635,0.257087905065712,0.362000209321576,0.29395014025341115
ETV5_FIGLA,ETS_bHLH,0.3780138328155921,0.478974092222299,0.37780487901023296,0.48593178015504906,0.39318672125447823
ETV5_HES7,ETS_bHLH,0.290726174186904,0.38503307170432105,0.294295688602746,0.449901761302274,0.4118001151314699
ETV5_HES7_2,ETS_bHLH,0.274268267280509,0.442454297384933,0.26516897872058703,0.42861179152587503,0.6559723641667625
ETV5_TCF3,ETS_bHLH,0.461696205716241,0.32742543248657696,0.43028914870954604,0.298864895860163,0.5502301758192158
ETV5_TCF3_2,ETS_bHLH,0.23183091225649102,0.35790252922158794,0.23995196312133601,0.34007486497762,0.21281560922164483
FLI1_BHLHA15,ETS_bHLH,0.41811503420926793,0.410390357604364,0.39688301251061997,0.38494402849690507,0.5030733330994835
FLI1_FIGLA,ETS_bHLH,0.344500240584462,0.471791725564456,0.367830946682311,0.43382226465237,0.2172346959648704
FLI1_MAX,ETS_bHLH,0.34403902701603495,0.421751148859795,0.29043724217080297,0.48004459177577796,0.5913633050421963
FLI1_TCF3,ETS_bHLH,0.384266374763171,0.307079682635248,0.31564037840363,0.332618668328362,0.3155764645308759
ELK1_TEF,ETS_bZIP,0.285173365739824,0.6518929123347961,0.260277339963912,0.6097697066587211,0.1978841723026616
ERF_CEBPD,ETS_bZIP,0.299485032179462,0.654350796841582,0.252887326486069,0.6192444611479239,0.16589343937965853
ETV2_CEBPD,ETS_bZIP,0.12591057457494698,0.548425175568214,0.162426003456704,0.516670106352122,0.17386428497288214
ETV2_TEF,ETS_bZIP,0.23723521429609398,0.5862570027531719,0.231280716045553,0.5781599564115699,0.18232347312075742
ETV2_TEF_2,ETS_bZIP,0.4974839070213711,0.346093293083654,0.5060014869419289,0.335418837987635,0.6222563261203403
ETV5_CEBPD,ETS_bZIP,0.0953261212205219,0.6050104247490921,0.0973762508753301,0.604572111837229,0.13239925020294074
FLI1_CEBPB,ETS_bZIP,0.4327416929239129,0.5888878927573621,0.410482671763617,0.559939987034688,0.3107333261115746
FLI1_CEBPD,ETS_bZIP,0.386709709290089,0.5924066693706811,0.373621285871995,0.5903223296435229,0.29439319806828473
ETV2_RFX5,ETS_RFX,0.475905981090677,0.46430678554632,0.431432501881798,0.40964548934258,0.6575654265208409
ETV2_RFX5_2,ETS_RFX,0.33191660253865396,0.5293048862312659,0.36142545114571506,0.492281187156238,0.2773761934875754
ETV2_RFX5_3,ETS_RFX,0.514989471617197,0.530799070258749,0.441076799628461,0.47821315822036,0.7102485222119314
ETV2_RFX5_4,ETS_RFX,0.2902019006124881,0.502473357625338,0.290179887220546,0.457122164786615,0.22941803598804433
ETV2_SOX15,ETS_SOX,0.24241523291429698,0.38054556895475605,0.24241523291429698,0.38054556895475605,0.43705078174644374
ETV2_SOX15_2,ETS_SOX,0.19057620713598003,0.383658470672667,0.204331715106287,0.392251926333693,0.38141839777375
ETV2_SOX15_3,ETS_SOX,0.24413897274459304,0.46428933973339903,0.19496738674399103,0.42380596936656395,0.3535121748704829
ETV2_SOX15_4,ETS_SOX,0.236740843705778,0.42359907296055493,0.236740843705778,0.42359907296055493,0.25572255304229935
FOXJ2_ELF1,Fox_Ets,0.313804442544805,0.465760076185392,0.264551449176575,0.46117618629602497,0.390539947045154
FOXJ2_ELF1_2,Fox_Ets,0.388223351212387,0.5310994335870061,0.34903147507863497,0.5554617202009631,0.533137955208209
FOXJ3_ELF1,Fox_Ets,0.18824540005074603,0.485437021203689,0.289586003171983,0.47821262875341797,0.3312840576893544
FOXO1_ELF1,Fox_Ets,0.34867617389121597,0.5105019328489311,0.33177809887469395,0.554553108637307,0.4931025741497904
FOXO1_ELF1_2,Fox_Ets,0.469197409309518,0.49253873766885,0.45667098516793,0.425858007306553,0.6639645515472624
FOXO1_ELF1_3,Fox_Ets,0.332750920638479,0.439952595135865,0.307246986455271,0.48852330620926293,0.4489990665671888
FOXJ2_HOXB13,Fox_Homeo,0.35825067754895396,0.40663087996174896,0.310905525086961,0.374725667341068,0.4879921442061718
FOXJ2_HOXB13_2,Fox_Homeo,0.327618292862882,0.33728660325811,0.324233173705274,0.35965103936342796,0.42548117874036234
FOXJ2_HOXB13_3,Fox_Homeo,0.426574074306345,0.448138380216915,0.3834711260248929,0.4009926174331421,0.6417252420102278
FOXJ2_HOXB13_4,Fox_Homeo,0.31084371596407295,0.38770098971890293,0.302210281798125,0.368855411090122,0.471956293020688
FOXJ2_PITX1,Fox_Homeo,0.191334629620495,0.372063354792781,0.29716725052336895,0.405186471757802,0.32748987134112506
FOXJ2_PITX1_2,Fox_Homeo,0.38511885744965096,0.31406265147918,0.370005253523739,0.329853263980004,0.5363756498452543
FOXO1_HOXA10,Fox_Homeo,0.332529136548628,0.32609282474298606,0.31936607096863395,0.34398062172759697,0.47104662777418116
FOXO1_HOXB13,Fox_Homeo,0.252497167347642,0.399211786266294,0.255387289897954,0.37986147144135995,0.20422990541112185
FOXO1_HOXB13_2,Fox_Homeo,0.244452301981698,0.424198769478718,0.271052391118185,0.40691088202799297,0.21053025687198845
FOXO1_HOXB13_3,Fox_Homeo,0.144984975769275,0.39709505716972404,0.154515053401271,0.3806348722110511,0.21793372369327838
FOXO1_ELK1,Fox_ETS,0.22732538891309303,0.6003427513434829,0.25104964914901895,0.487186807717255,0.2953851537356869
FOXO1_ELK1_2,Fox_ETS,0.45503107834269896,0.6095010173817679,0.416798915811222,0.507623871883747,0.6422581802368283
FOXO1_ELK1_3,Fox_ETS,0.599441034707562,0.55097348461876,0.4795999216006721,0.457786071911803,0.8546505608743351
FOXO1_ELK3,Fox_ETS,0.307636681940558,0.42595312824365794,0.20990163248907,0.47263576437902205,0.4446843702414843
FOXO1_ELK3_2,Fox_ETS,0.340890952047742,0.548156991497,0.39418725402519605,0.502483195366103,0.5501917447004224
FOXO1_ETV1,Fox_ETS,0.39372603605106704,0.476150117431048,0.360611210842372,0.43912507865779293,0.20243731161730383
FOXO1_ETV4,Fox_ETS,0.30245954821430104,0.41126791141174396,0.211005252474817,0.444839274683571,0.17949941406348258
FOXO1_ETV4_2,Fox_ETS,0.38261252322862105,0.5858281333396931,0.35053427438633694,0.482199022696077,0.5400555362034861
FOXO1_ETV7,Fox_ETS,0.234726776751226,0.38467050705412703,0.19611468652745898,0.371340016459757,0.3873080304330912
FOXO1_FLI1,Fox_ETS,0.35466523530532895,0.526737527947432,0.37284961838525804,0.5020457320757991,0.45245104233470074
FOXO1_SPDEF,Fox_ETS,0.204385250395827,0.49655166634510206,0.17651040001375898,0.42087160166048704,0.31277592306263957
GCM1_CEBPB,GCM_bZIP,0.0945007096461441,0.468322217348219,0.11310157004802901,0.475170076232338,0.13052469096210578
GCM1_CEBPB_2,GCM_bZIP,0.25772136308418897,0.48496902755585103,0.260847132255925,0.493508504556177,0.12672868411111915
GCM1_CEBPB_3,GCM_bZIP,0.257497329800688,0.499694104405503,0.253138255329929,0.49655341655640006,0.11859201778112717
GCM2_TEF,GCM_bZIP,0.272983606883346,0.502899627675589,0.24582436500521898,0.49996125406006603,0.2096270231907794
GCM1_ELK1,GCM_ETS,0.18557942564225602,0.52883357406733,0.226984599290656,0.473486261927685,0.2456339052699902
GCM1_ELK1_2,GCM_ETS,0.13622696745441698,0.498839582696559,0.143372017113058,0.49694009851425,0.19335457159521752
GCM1_ELK1_3,GCM_ETS,0.112444551339254,0.49806714374997796,0.16947122808639198,0.52765500271291,0.15902060951221278
GCM1_ELK3,GCM_ETS,0.435513025057095,0.347074891031954,0.459968242863726,0.312252004921129,0.6207262060287428
GCM1_ELK3_2,GCM_ETS,0.13825905210122,0.543327664917722,0.200597236708653,0.511871333525942,0.1955278265982252
GCM1_ETV1,GCM_ETS,0.136953665187415,0.480875412105693,0.19763573396388395,0.4633329667390221,0.1936817306858207
GCM1_ETV4,GCM_ETS,0.115520030008315,0.520131824841497,0.18800530525993203,0.48523995274571097,0.1637926512136216
GCM1_ETV7,GCM_ETS,0.4629262373831479,0.44386449470563794,0.4335311063617921,0.42342253495820203,0.7275566699580268
GCM1_ETV7_2,GCM_ETS,0.480579430699476,0.396896236212671,0.40043909852522,0.3850134363559579,0.8195881760868597
GCM1_SPDEF,GCM_ETS,0.420595602348707,0.403129350685466,0.390469125325026,0.355711429659478,0.6040446067282944
GCM1_SPDEF_2,GCM_ETS,0.419437492515175,0.395118841790443,0.344316153512019,0.34107390632898904,0.7110852074556817
GCM1_SPDEF_3,GCM_ETS,0.38678594548103495,0.4000707116800779,0.342125747040608,0.33872526175369205,0.19688386303950425
GCM1_SPDEF_4,GCM_ETS,0.410144738537215,0.37447932156967,0.36293178615377897,0.34384602989194296,0.6234081701330266
GCM1_SPDEF_5,GCM_ETS,0.420354640744204,0.382385568700824,0.381908827793493,0.338009811311378,0.5454578437598415
GCM2_ELK1,GCM_ETS,0.112573608232108,0.532910193917569,0.141761944047585,0.474483333491998,0.19609482139031395
GCM1_FIGLA,GCM_bHLH,0.29294560804530895,0.447908736291266,0.27690491227813596,0.441192938384323,0.570279075112803
GCM1_FIGLA_10,GCM_bHLH,0.336852255393045,0.280379968522159,0.336852255393045,0.280379968522159,0.11023099637074352
GCM1_FIGLA_2,GCM_bHLH,0.309086341168858,0.275838995882518,0.309086341168858,0.275838995882518,0.1006758603592023
GCM1_FIGLA_3,GCM_bHLH,0.200330572633265,0.40281203755877204,0.204134453637861,0.40809541237275304,0.09750535075291174
GCM1_FIGLA_4,GCM_bHLH,0.318888534714107,0.29135228811416103,0.33362313002750704,0.279587443839952,0.46474107071719106
GCM1_FIGLA_5,GCM_bHLH,0.302116735763456,0.28419207768897603,0.310574428700005,0.255393649550913,0.4608710495100857
GCM1_FIGLA_6,GCM_bHLH,0.29961487548154,0.40420579902539094,0.285435359196467,0.348507682728568,0.21002941026018054
GCM1_FIGLA_7,GCM_bHLH,0.24138620030012697,0.387472591828811,0.267332790393229,0.40021895095859794,0.5350579120648077
GCM1_FIGLA_8,GCM_bHLH,0.38913288867709295,0.282327509266813,0.37876687749020793,0.29993343632464897,0.24527442791295329
GCM1_FIGLA_9,GCM_bHLH,0.3782195342614821,0.40114045820370897,0.36072661357920505,0.377385691285536,0.1889130996702139
GCM1_MAX,GCM_bHLH,0.437434685692007,0.348711066893396,0.437434685692007,0.348711066893396,0.6826282563183469
GCM1_MAX_2,GCM_bHLH,0.33221701426887607,0.349108253974569,0.34339651137273,0.33688375182232,0.5026824016506335
GCM1_MAX_3,GCM_bHLH,0.24293244061442698,0.352659874788366,0.24293244061442698,0.352659874788366,0.25019896510250494
GCM1_MAX_4,GCM_bHLH,0.38547598334047706,0.255207696693874,0.410891064180257,0.2855720756056889,0.6744772755375373
GCM1_MAX_5,GCM_bHLH,0.41327325236522994,0.29235249763938503,0.40300539258456797,0.28579311363585097,0.5586803103551782
GCM1_MAX_6,GCM_bHLH,0.245401856081027,0.36953018224265,0.241891988962954,0.361664263669504,0.3643207581417905
GCM1_NHLH1,GCM_bHLH,0.363311423800326,0.257947467805654,0.36819808224775297,0.245304020364171,0.534955119825065
GCM1_NHLH1_2,GCM_bHLH,0.442446982397761,0.300653359935356,0.41855276245671796,0.296351277751883,0.5651736772755709
GCM2_FIGLA,GCM_bHLH,0.277005157607281,0.4346437186732971,0.277005157607281,0.4346437186732971,0.15497948986952334
GCM2_FIGLA_2,GCM_bHLH,0.34650037662924,0.35460223568909993,0.335574693338915,0.33985607486951297,0.46272310474663525
GCM2_HES7,GCM_bHLH,0.410253123269945,0.329737047623159,0.410253123269945,0.329737047623159,0.5526147582347344
GCM2_MAX,GCM_bHLH,0.27520651660505,0.384375903444101,0.27520651660505,0.384375903444101,0.16956852032952466
GCM1_FOXI1,GCM_Fox,0.267769207869976,0.528559335798776,0.226747942930969,0.5091905026603181,0.47144624310597155
GCM1_FOXI1_2,GCM_Fox,0.098021285645806,0.5922303613349201,0.141363598323943,0.547957751867433,0.12949226329932848
GCM1_FOXI1_3,GCM_Fox,0.12033469345364801,0.502000610081161,0.15605177153522698,0.512607273903845,0.16950845061500294
GCM1_FOXI1_4,GCM_Fox,0.302394931620807,0.494848594595913,0.236691785498111,0.44193646688743005,0.17950202197528584
GCM1_FOXI1_5,GCM_Fox,0.234729557385648,0.571847591544526,0.242606673106358,0.511580914198529,0.4663904943776594
GCM1_FOXO1,GCM_Fox,0.301221239476416,0.524082109062555,0.30394383932708596,0.47468684987419396,0.2991991587352393
GCM1_FOXO1_2,GCM_Fox,0.308755232475,0.483238064273178,0.30349019771682,0.46964312389851703,0.3495821337157168
GCM2_FOXI1,GCM_Fox,0.33709742123471503,0.5457581088143719,0.324728655429495,0.5779436144549089,0.16654343777149713
GCM2_FOXI1_2,GCM_Fox,0.24260811878488803,0.5537580092695811,0.26471857496192397,0.530891300572041,0.3809538577248244
GCM1_HOXA13,GCM_Homeo,0.250349933944557,0.49573424719702297,0.24046058555233898,0.47847452954578995,0.23239654179556857
GCM1_HOXA2,GCM_Homeo,0.22220537236510002,0.40987380407664703,0.226524974721996,0.415980250799928,0.29850643449396974
GCM1_HOXB13,GCM_Homeo,0.22098489280750602,0.491252233013675,0.22098489280750602,0.491252233013675,0.250386531990839
GCM1_HOXB13_2,GCM_Homeo,0.492719155237218,0.32012402824525604,0.469042047709826,0.33532499480318895,0.6696124613272086
GCM1_HOXB13_3,GCM_Homeo,0.38459167681696005,0.35717010543053096,0.41474453711313003,0.305629071123927,0.5438947659353811
GCM1_HOXB13_4,GCM_Homeo,0.328249069668861,0.47085093575732895,0.312718834664534,0.452404321702342,0.27004450903877497
GCM1_PITX1,GCM_Homeo,0.32626236512126,0.3368014931159,0.32626236512126,0.3368014931159,0.6870118573710312
GCM1_PITX1_2,GCM_Homeo,0.42530999422434895,0.41123745265181,0.39682879943909494,0.38591205307049997,0.6570386012108227
GCM1_PITX1_3,GCM_Homeo,0.32586804946889697,0.38521386299255295,0.29730774179104996,0.381863594348739,0.4691502063125089
GCM2_DLX2,GCM_Homeo,0.251334465169982,0.470525858072506,0.251334465169982,0.470525858072506,0.11500396032099014
GCM2_DLX3,GCM_Homeo,0.154868192723832,0.41193318191444,0.20090779041173398,0.41246104359777896,0.18918226112476233
GCM2_DLX3_2,GCM_Homeo,0.203985094065708,0.43701503710874495,0.23135548192933203,0.408856674920522,0.15716876145257258
GCM2_DRGX,GCM_Homeo,0.144343859437703,0.39835740631685296,0.156221592953454,0.37979149367263204,0.20339549370640783
GCM2_DRGX_2,GCM_Homeo,0.20765972012652803,0.4485943989667249,0.21590134628265897,0.417915326766751,0.2789529088682593
GCM2_HOXA13,GCM_Homeo,0.27488646687916196,0.48279557722077293,0.25655587019173604,0.488940851408963,0.30526792935015723
GCM2_PITX1,GCM_Homeo,0.45846984732031604,0.501765690873889,0.44252926548381105,0.48202436991559294,0.7149061524847774
GCM2_PITX1_2,GCM_Homeo,0.53212309343211,0.446714139443219,0.49974098733062794,0.425545391573657,0.7741461308890956
GCM1_SOX2,GCM_SOX,0.21675132633262698,0.424720045075606,0.26429697718392803,0.389588623401234,0.3369116252918977
GCM2_SOX15,GCM_SOX,0.22037790072408803,0.40594942074472895,0.22037790072408803,0.40594942074472895,0.3726014875347267
GCM2_SOX15_2,GCM_SOX,0.22411177275152602,0.386428884601526,0.22411177275152602,0.386428884601526,0.31771096287150935
GCM2_SOX15_3,GCM_SOX,0.222387827958231,0.40130400968478397,0.31841719106556104,0.45712520793987604,0.31805886509323195
GCM2_SOX15_4,GCM_SOX,0.21712492686232102,0.39503874012582707,0.21712492686232102,0.39503874012582707,0.22389711948002156
GCM1_TBX21,GCM_Tbox,0.42192223020644704,0.469332796469215,0.41675261836407296,0.449728544988085,0.5471870435873043
GCM1_TBX21_2,GCM_Tbox,0.35402115416140706,0.374754864566565,0.34747788995773904,0.37378473235713794,0.6064204179131651
GCM2_EOMES,GCM_Tbox,0.4193146266771501,0.399748870614824,0.391002076895964,0.366903523590984,0.5728727426598479
GCM2_TBX21,GCM_Tbox,0.305459422395132,0.516651472336007,0.303728682058951,0.4978639975329389,0.270468103067813
GCM2_TBX21_2,GCM_Tbox,0.48329670605402203,0.47253775842287,0.472056617243082,0.449758903805348,0.584436683864307
HOXA3_PAX5,Homeo_PAX,0.237390027295276,0.46055660647457003,0.220724394978545,0.44347144140291295,0.23184771260016107
HOXB2_PAX1,Homeo_PAX,0.312329536781097,0.579749386828697,0.28241112853836603,0.546620409242432,0.42163251102060156
HOXB2_PAX1_2,Homeo_PAX,0.280426521652639,0.432481151666698,0.261737851453261,0.41200680620004104,0.37092230663356546
HOXB2_PAX5,Homeo_PAX,0.241885211925955,0.4865594817757971,0.235456024744276,0.47610039971699103,0.32602085500906586
HOXB2_PAX5_2,Homeo_PAX,0.248550372855157,0.41780851302953004,0.212878125291381,0.3778008098600929,0.3162140384507844
HOXB2_PAX9,Homeo_PAX,0.126958237777703,0.428533088527685,0.101860326110297,0.43743014496512606,0.2123531333320504
HOXB2_PAX9_2,Homeo_PAX,0.236023814393865,0.4496145493244021,0.218891767214242,0.435276044231758,0.4142502891841126
HOXB13_ELK1,Homeo_ETS,0.233463023490907,0.572030774859583,0.27200809736025,0.580423226890554,0.21631263909361742
HOXB13_ETV1,Homeo_ETS,0.228160846131882,0.531882353527115,0.24501700610017801,0.533356989146313,0.23501478531231815
HOXB2_ELK1,Homeo_ETS,0.233843838837659,0.577774695564918,0.22077098456909802,0.5557173041435469,0.1684015120511529
HOXB2_ELK1_2,Homeo_ETS,0.438923979077877,0.602079940354496,0.42350968826704294,0.590034819248871,0.5867551434425399
HOXB2_ELK3,Homeo_ETS,0.219761354014142,0.454627728071808,0.22516539757453896,0.44742822130810705,0.1763494180358406
HOXB2_ELK3_2,Homeo_ETS,0.44103593025311605,0.5167695728114411,0.41788373201411,0.514838753267671,0.5380871189466626
HOXB2_ETV1,Homeo_ETS,0.660054530248364,0.330460535607839,0.617039200140745,0.3314401460008631,0.8843163282973845
HOXB2_ETV4,Homeo_ETS,0.596542609194338,0.24376503076945896,0.5936805760192649,0.24049978867173002,0.7942171158990694
HOXB2_ETV7,Homeo_ETS,0.26221368409763,0.277477178088839,0.273300212500909,0.288593985984863,0.3221090948015454
HOXB2_ETV7_2,Homeo_ETS,0.292562066414714,0.519319951964054,0.28997719337131606,0.506571260792355,0.21010635930676205
HOXB2_ETV7_3,Homeo_ETS,0.226596887295999,0.46420841418331,0.215156707606937,0.45435911369572995,0.20908179791681428
HOXB2_SPDEF,Homeo_ETS,0.282215954960873,0.5428474044385779,0.27657709489239696,0.528039031586254,0.17844444042803334
HOXD12_ELK1,Homeo_ETS,0.158844981065292,0.67670339166952,0.19912989138175,0.6452204480163941,0.259502852539379
HOXD12_ELK1_2,Homeo_ETS,0.251045409812302,0.6961080937863371,0.25240162479232897,0.6911750524965501,0.2062985400322511
HOXD12_ELK3,Homeo_ETS,0.4833297099572121,0.572890558806214,0.401074361947979,0.591538331387283,0.6776262082337287
HOXD12_ELK3_2,Homeo_ETS,0.258067597709514,0.614335554023564,0.2529696440163,0.6179983631495071,0.24933216666254138
HOXD12_ELK3_3,Homeo_ETS,0.168448429872569,0.7075621649267758,0.183095781802234,0.675877647233246,0.2726308061021238
HOXD12_ETV1,Homeo_ETS,0.131257237426547,0.780325226496138,0.158493756748404,0.743767629651872,0.18602412731444337
HOXD12_ETV1_2,Homeo_ETS,0.175756485825697,0.7499992992231421,0.19591578141515803,0.7425182024048,0.24961113964865048
HOXD12_ETV4,Homeo_ETS,0.15572761986904501,0.75104414191993,0.1897320507463,0.7168672940405991,0.22075966789455692
HOXD12_ETV4_2,Homeo_ETS,0.163369860059841,0.773116579000527,0.184635191812171,0.758751430875098,0.23217861076359655
HOXB2_ELF1,Homeo_Ets,0.44340470100916496,0.390636503773769,0.40700297759733295,0.368250976107292,0.49105393283590937
HOXB2_ELF1_2,Homeo_Ets,0.406297529944707,0.19462625261582897,0.400575900374926,0.22998346954252302,0.23899739815443158
HOXB2_ELF1_3,Homeo_Ets,0.29389311367437,0.382753119656253,0.276906737986111,0.37124935990961405,0.2605932298775646
HOXB2_ELF1_4,Homeo_Ets,0.382505386386649,0.234144237931308,0.390321333433474,0.262810940391116,0.5805498834472413
HOXB2_ELF1_5,Homeo_Ets,0.436177474935252,0.21254704866032198,0.389403391445154,0.203725175433212,0.6445217788589841
HOXB2_HOXB13,Homeo_Homeo,0.42263700474847204,0.30688256481681797,0.426100175721301,0.281609102642141,0.5585290976802474
HOXB2_HOXB13_2,Homeo_Homeo,0.36690938543495094,0.366051808735378,0.385218342721269,0.39209475987231895,0.5024178670187793
HOXB2_HOXB13_3,Homeo_Homeo,0.44648493060450106,0.353265055981498,0.442124988476984,0.308031489800151,0.5461701496016982
HOXB2_PITX1,Homeo_Homeo,0.110885862691116,0.458260640791056,0.128453202484091,0.431755638950926,0.1568162908535926
HOXB2_PITX1_2,Homeo_Homeo,0.22509610173050798,0.348830202462961,0.21017515810210102,0.347061270347265,0.12259407480340574
HOXB2_PITX1_3,Homeo_Homeo,0.27686580422363694,0.37795856338090295,0.255496120745566,0.34471722297325996,0.1412697572862009
HOXB2_PITX1_4,Homeo_Homeo,0.230937986617648,0.358251981400326,0.23347015039519198,0.335386727567704,0.1367029209305277
HOXD12_HOXA3,Homeo_Homeo,0.336650563258758,0.28482245772853304,0.34357263839352503,0.278496965392404,0.4578008706204273
HOXD12_HOXA3_2,Homeo_Homeo,0.287319333227332,0.29628492892637,0.279053996759209,0.26869718218532396,0.4336183744602336
MEIS1_HOXB13,Homeo_Homeo,0.289645677037154,0.448316231651985,0.288712835833534,0.43360161964196703,0.7224156110723596
PITX1_HOXA3,Homeo_Homeo,0.28940127414907296,0.41226425819156604,0.254936546998695,0.36083665622575,0.46399407976231427
HOXB2_NHLH1,Homeo_bHLH,0.28109849920471897,0.468715498790363,0.28761673322165104,0.4263305475762729,0.2504038937783011
HOXB2_NHLH1_2,Homeo_bHLH,0.265390486601302,0.41704678460791794,0.25551126735184804,0.397873865737335,0.295827876346004
HOXB2_NHLH1_3,Homeo_bHLH,0.278027888614357,0.419512754046085,0.248197755988796,0.430681534244942,0.3781583450798443
HOXB2_TCF3,Homeo_bHLH,0.41613146031354903,0.236978131532178,0.390688713204625,0.230793670887276,0.5623482327886196
HOXB2_TCF3_2,Homeo_bHLH,0.4079635128102221,0.343921527547872,0.399720464458675,0.32308478303419297,0.5559024274531641
HOXD12_FIGLA,Homeo_bHLH,0.140862533580886,0.50484780145266,0.13777991212340301,0.48330794021546,0.19920970544450373
PITX1_FIGLA,Homeo_bHLH,0.11399638034282598,0.4562509725342629,0.123443003883009,0.43156861782897493,0.16121522699256022
PITX1_HES7,Homeo_bHLH,0.32813091371262604,0.460878188467409,0.291549693894693,0.483587890092538,0.29376710634083925
PITX1_HES7_2,Homeo_bHLH,0.23053619068337303,0.47576298835829495,0.194119543873392,0.46221625479850603,0.32554809374269733
PITX1_HES7_3,Homeo_bHLH,0.184773058703246,0.527640697625466,0.149769489382452,0.513024353431079,0.27777442649456874
HOXB2_SOX15,Homeo_SOX,0.190544078221936,0.24256637562416103,0.187554153520963,0.247189541356126,0.3256427672032506
HOXB2_SOX15_2,Homeo_SOX,0.170087910499148,0.14653553357378102,0.178675488378021,0.159795378707721,0.4236885753724146
HOXB2_SOX15_3,Homeo_SOX,0.263162469878483,0.32067296988739,0.263162469878483,0.32067296988739,0.2802388398453055
HOXB2_SOX15_4,Homeo_SOX,0.0819245944813892,0.24042194423553898,0.0819245944813892,0.24042194423553898,0.4683604321260408
HOXB2_SOX15_5,Homeo_SOX,0.13825921772764901,0.250292879590303,0.13825921772764901,0.250292879590303,0.46721756138622705
MEIS1_DLX2,HomeoMEIS_Homeo,0.20303524501104803,0.44426727111871506,0.238425028450432,0.368673301873145,0.1207268079181042
MEIS1_DLX3,HomeoMEIS_Homeo,0.24269198233973802,0.49634606762975203,0.30505313479171897,0.45604659410002396,0.16964358560914783
MEIS1_DRGX,HomeoMEIS_Homeo,0.28067295868989395,0.39460832855910294,0.279633772226047,0.30337923174542303,0.2984189846519907
MEIS1_DRGX_2,HomeoMEIS_Homeo,0.37887444095479494,0.309258271010105,0.7751541556719158,0.6897318935685611,0.53533644202606
MEIS1_EVX1,HomeoMEIS_Homeo,0.309971512454406,0.433563291942139,0.355960588142099,0.43410516268654703,0.3674988304730867
MEIS1_HOXA13,HomeoMEIS_Homeo,0.18699233172000304,0.513831362687879,0.18699233172000304,0.513831362687879,0.2646519884299418
MGA_DLX2,TBX_Homeo,0.15719846948575,0.61718768596073,0.18863953368974998,0.60763583700008,0.22231220746450028
MGA_DLX2_2,TBX_Homeo,0.516306374884695,0.34137136613825203,0.478127301212748,0.318489378882698,0.7375521135735778
MGA_DLX3,TBX_Homeo,0.145634824882067,0.615245871154294,0.173440480058382,0.609315443053109,0.20595874449626791
MGA_DLX3_2,TBX_Homeo,0.49792902703067204,0.396032579460261,0.49045373491307603,0.37473563154131,0.7454564401249556
MGA_EVX1,TBX_Homeo,0.253932000453905,0.446324982209613,0.20952065096205802,0.48893771232281397,0.2776889680158647
MGA_EVX1_2,TBX_Homeo,0.461523960027063,0.44596363968679703,0.45488039019561893,0.450204568462508,0.6162025481418782
MGA_PITX1,TBX_Homeo,0.370874082415837,0.517752885963049,0.40417424140814795,0.47280427079730697,0.7906911035605948
MYBL1_FIGLA,MYB_bHLH,0.26264603262804503,0.341418387101799,0.270858361859662,0.342879347773717,0.21887583025347648
MYBL1_FIGLA_2,MYB_bHLH,0.22815536340151102,0.356132158290327,0.21265260704683103,0.33928628320802895,0.21650916059378722
MYBL1_FIGLA_3,MYB_bHLH,0.11911815816412899,0.34122571958079195,0.126246765804851,0.331307283318054,0.1351067139513331
MYBL1_FIGLA_4,MYB_bHLH,0.354783894592766,0.22066955826642998,0.37548430101909297,0.20097156697790197,0.43262970298292436
MYBL1_FIGLA_5,MYB_bHLH,0.320997984347014,0.26092717678169397,0.334013690745254,0.252079421967836,0.4348976772357414
MYBL1_MAX,MYB_bHLH,0.38856894643807105,0.295536923280234,0.378717106755829,0.28578917238250606,0.4939172040028625
MYBL1_MAX_2,MYB_bHLH,0.260907058806374,0.335998333810073,0.258069427937972,0.329934261450585,0.1983517416141343
MYBL1_MAX_3,MYB_bHLH,0.23634462799924202,0.344570763613547,0.236027149872224,0.33921298080567097,0.2183186037938907
POU2F1_DLX2,HomeoPOU_Homeo,0.4045615578733329,0.421162811099716,0.4056757568028761,0.40380349240787106,0.5281988516646539
POU2F1_DLX2_2,HomeoPOU_Homeo,0.35381258957015904,0.432031758404092,0.310261863958467,0.37688526646115994,0.47387517518364414
POU2F1_DLX2_3,HomeoPOU_Homeo,0.418017937420246,0.346945407949445,0.372613746690386,0.29736148532775897,0.5784888961866185
POU2F1_HOXB13,HomeoPOU_Homeo,0.34376768842345,0.38092518321936697,0.32923669341615097,0.364017650718738,0.496184972991562
POU2F1_ELK1,HomeoPOU_ETS,0.242684547181818,0.5393434332711429,0.28869012775826103,0.55766890524573,0.32005122946210324
POU2F1_ELK1_2,HomeoPOU_ETS,0.248086150368392,0.6042988758238821,0.370097524397808,0.606734537037923,0.23246428918428502
POU2F1_ETV4,HomeoPOU_ETS,0.6339607690016329,0.8925629746474129,0.634819320214825,0.783505193624853,0.30037710682410007
POU2F1_ETV4_2,HomeoPOU_ETS,0.12259477384756699,0.5554881711596179,0.19608083834079898,0.510757032886416,0.34243845858281424
POU2F1_EOMES,HomeoPOU_Tbox,0.286286351179605,0.3544435498204339,0.270171599392149,0.339000495909023,0.24460667945454584
POU2F1_EOMES_2,HomeoPOU_Tbox,0.218435252548375,0.275220833940737,0.248465962350975,0.27999890036639297,0.3965570271273078
POU2F1_EOMES_3,HomeoPOU_Tbox,0.388738941560229,0.39597576966293296,0.384301791219277,0.418213666565663,0.5525690317117181
POU2F1_EOMES_4,HomeoPOU_Tbox,0.30737717679932003,0.28618309579505,0.349845625634383,0.34430484578717,0.48817470570031396
POU2F1_EOMES_5,HomeoPOU_Tbox,0.262512926040255,0.343242679764027,0.285758864122481,0.269871199415113,0.3407919213208821
POU2F1_SOX15,HomeoPOU_SOX,0.3681914442494699,0.552680739166643,0.548145401649498,0.659358865114405,0.3258420158303413
POU2F1_SOX15_2,HomeoPOU_SOX,0.4551457349751721,0.656654240241144,0.481662552070216,0.5267288632194771,0.26715911070565584
POU2F1_SOX15_3,HomeoPOU_SOX,0.28806947525484805,0.34322381556022397,0.27779610140198,0.318344425659411,0.403060942374713
POU2F1_SOX2,HomeoPOU_SOX,0.253221732530724,0.314375443023323,0.24196419106355702,0.36173293905988296,0.35711044300306116
POU2F1_SOX2_2,HomeoPOU_SOX,0.305676138079646,0.348673432203943,0.305676138079646,0.348673432203943,0.5297494735016045
RFX3_BHLHA15,RFX_bHLH,0.21142529061751802,0.453209031485295,0.297418702955626,0.42370473826133603,0.6334397923675472
RFX3_FIGLA,RFX_bHLH,0.694792245881718,0.659450451477874,0.694792245881718,0.659450451477874,0.5468288183995265
RFX3_FIGLA_2,RFX_bHLH,0.42818383437490903,0.220875956060959,0.42818383437490903,0.220875956060959,0.4248428704875945
RFX3_HES7,RFX_bHLH,0.35737049935260995,0.265049562266608,0.35737049935260995,0.265049562266608,0.24337445824538229
RFX3_SREBF2,RFX_bHLH,0.255059883719371,0.50638215275954,0.255059883719371,0.50638215275954,0.6907842923535563
TEAD4_ALX4,TEA_Homeo,0.41132615560856894,0.33952483692206503,0.40022704745266796,0.313006808199439,0.5795768535077942
TEAD4_ALX4_2,TEA_Homeo,0.265391168433068,0.438320447858757,0.28412684310728903,0.432013134678372,0.1681729474987804
TEAD4_DLX2,TEA_Homeo,0.0881400658161095,0.29278459604630797,0.0903135923999988,0.27026171584048203,0.12464887636688976
TEAD4_DLX2_2,TEA_Homeo,0.222209089262099,0.364350765637187,0.22504220232685102,0.3377642115935,0.16651532237634425
TEAD4_DLX2_3,TEA_Homeo,0.21956600211821803,0.31970435739703196,0.21700857578354998,0.290257738274924,0.21214022778523525
TEAD4_DLX2_4,TEA_Homeo,0.40787520817050704,0.3943328885056911,0.3918681292231189,0.38733205051343395,0.5341378786746829
TEAD4_DLX2_5,TEA_Homeo,0.20925606742754801,0.35505269401807105,0.25483577989329503,0.335599327917094,0.1998934784093409
TEAD4_DLX2_6,TEA_Homeo,0.11460983420811399,0.332248307857565,0.107188954249336,0.31640984157248303,0.16208278203679835
TEAD4_DLX3,TEA_Homeo,0.10258370115588901,0.31381463946256394,0.100426905222033,0.303389762516988,0.14507526145682598
TEAD4_DLX3_2,TEA_Homeo,0.205456534917261,0.35160901498384006,0.20935468740283103,0.325334766385323,0.2070290352234017
TEAD4_DLX3_3,TEA_Homeo,0.19083614956140998,0.36822265664120796,0.224217394514178,0.313554499259562,0.21185936056926713
TEAD4_DLX3_4,TEA_Homeo,0.0832869119663329,0.337079092736512,0.12281002697423199,0.31317424253576,0.11792618345282614
TEAD4_DRGX,TEA_Homeo,0.455311723858654,0.375284585807626,0.43581251653325603,0.352152197562838,0.6562189912283504
TEAD4_DRGX_2,TEA_Homeo,0.4598165210074,0.374720434364159,0.41714951248781396,0.34682591386913797,0.6432612762556792
TEAD4_HOXA2,TEA_Homeo,0.0797468403910899,0.404629166365885,0.10624256935220099,0.37660966147399105,0.11277906323454553
TEAD4_HOXA2_2,TEA_Homeo,0.10507804891497198,0.414081112536504,0.160913677560431,0.384040939407435,0.14860280180424296
TEAD4_HOXA3,TEA_Homeo,0.0952491732639303,0.37514785191003597,0.111233570618893,0.36431486257461204,0.13470267263592456
TEAD4_HOXA3_2,TEA_Homeo,0.113092138762739,0.44578521182220704,0.164513460059935,0.416638137371394,0.15832710818518
TEAD4_HOXB13,TEA_Homeo,0.393357898212552,0.462102317712178,0.381404190463288,0.4611251357977779,0.5396787916137502
TEAD4_HOXB13_2,TEA_Homeo,0.405483177879979,0.496272755088439,0.40656919366326205,0.457377972397865,0.6254069444601627
TEAD4_HOXB13_3,TEA_Homeo,0.42499641918423103,0.36092462760522204,0.402289221391065,0.32533785905561996,0.5888210604439478
TEAD4_HOXB13_4,TEA_Homeo,0.47044701322545796,0.47172090230761604,0.44763714277350797,0.42892919634183296,0.6598508247846746
TEAD4_HOXB13_5,TEA_Homeo,0.419258905014008,0.39332489954639793,0.37981081247060405,0.31256311935304104,0.6109912085977002
TEAD4_HOXB13_6,TEA_Homeo,0.38963374872107104,0.49504073419658795,0.35203579100199395,0.448872145070171,0.6118118887337844
TEAD4_PITX1,TEA_Homeo,0.25864266295282895,0.35855077863598295,0.25470429481386103,0.34219700447380497,0.22613790243087215
TEAD4_PITX1_2,TEA_Homeo,0.230539711034321,0.33184487554338804,0.27494060036154,0.359995957628034,0.2963486227886341
TEAD4_PITX1_3,TEA_Homeo,0.308669106317513,0.38277416290108396,0.311069949891401,0.35933019303439295,0.38830901228089265
TEAD4_PITX1_4,TEA_Homeo,0.274215370041866,0.335316142842284,0.350068442486742,0.39383716988943207,0.34685341946731135
TEAD4_PITX1_5,TEA_Homeo,0.344428338048601,0.422858155270231,0.35598419721496394,0.39473099014724894,0.6081358993100027
TEAD4_CEBPB,TEA_bZIP,0.24720912373472798,0.524401128943791,0.241668445697065,0.520044995668299,0.13180717728138533
TEAD4_CEBPD,TEA_bZIP,0.508145676384102,0.274654445107461,0.509372572266545,0.26824855396619396,0.7259339810023047
TEAD4_CEBPD_2,TEA_bZIP,0.282516138980122,0.43022301298101795,0.28337137470611,0.431903519424494,0.14722588977504164
TEAD4_CEBPD_3,TEA_bZIP,0.270191618365202,0.490287595523046,0.258678895931499,0.488492353048128,0.13895779698448163
TEAD4_CEBPD_4,TEA_bZIP,0.226982724444425,0.533323110552131,0.228319579488962,0.534764699751426,0.11566438172139139
TEAD4_CLOCK,TEA_bHLH,0.313468448563737,0.4327894854307679,0.293562027418391,0.407311032845829,0.1790411788220574
TEAD4_CLOCK_2,TEA_bHLH,0.280545406627191,0.399093047367846,0.260791543035854,0.403417850988063,0.2001951022719819
TEAD4_CLOCK_3,TEA_bHLH,0.311991051434511,0.46707060004107404,0.308648199244135,0.459209697177913,0.16879119502518233
TEAD4_CLOCK_4,TEA_bHLH,0.272689762959061,0.39680955100967796,0.265518980054066,0.421746127204249,0.23510451776341187
TEAD4_FIGLA,TEA_bHLH,0.48012866796055803,0.324050614380569,0.481494956650313,0.321339933918331,0.6101086935377157
TEAD4_FIGLA_2,TEA_bHLH,0.458014075765712,0.35106110816631897,0.45614561602861703,0.357705106027975,0.5964739184059824
TEAD4_FIGLA_3,TEA_bHLH,0.229386882464652,0.35209494263590396,0.25791502716723397,0.371750850191489,0.3293971058132683
TEAD4_HES7,TEA_bHLH,0.42625428858581604,0.3439861311593089,0.43345064160522206,0.325174344345344,0.48369177284886417
TEAD4_HES7_2,TEA_bHLH,0.366509767380777,0.27839626971746995,0.36251496932600497,0.254780243816808,0.5419966869473217
TEAD4_HES7_3,TEA_bHLH,0.304784837482099,0.391058141641628,0.30314040976561896,0.38249659967608707,0.311306298677313
TEAD4_HES7_4,TEA_bHLH,0.160306343816172,0.47772312436875003,0.16121223456497,0.486447892384826,0.22659587452574234
TEAD4_MAX,TEA_bHLH,0.45869870047623,0.288393290466664,0.4625260428019729,0.30903668441115,0.6376740686113356
TEAD4_MAX_2,TEA_bHLH,0.23806396245443304,0.44543106381352,0.24307903336239398,0.440270100877098,0.1818168026822612
TEAD4_MAX_3,TEA_bHLH,0.411417885328656,0.272808021576785,0.398627949138247,0.284652979360305,0.5159049819404476
TEAD4_TCF3,TEA_bHLH,0.47624164371577704,0.356179955057216,0.46034036039771997,0.36877136702855395,0.2141823107526683
TEAD4_ELK1,bHLH_ETS,0.5078501403696011,0.39106928077421005,0.468832363204647,0.42379363480081106,0.7045819678320809
TEAD4_ELK1_2,bHLH_ETS,0.451368242209905,0.464667930572598,0.368116996670079,0.43778538586186794,0.5898208543526405
TEAD4_ELK1_3,bHLH_ETS,0.43144199037139297,0.453020591585704,0.452898396720877,0.478123750328731,0.6341872078411267
TEAD4_ELK1_4,bHLH_ETS,0.42996019904282,0.45774917134447607,0.38892159055197606,0.40899604956108293,0.5631448548210605
TFAP4_ETV1,bHLH_ETS,0.159164303690756,0.44545831650539597,0.17447729127712,0.428677535042943,0.21300056641732915
TFAP4_ETV4,bHLH_ETS,0.162647917104932,0.45619165731581,0.17246339714096803,0.43019439800213,0.2146513333291793
TFAP4_FLI1,bHLH_ETS,0.39780705473232003,0.408007165712448,0.39291077409299796,0.4238188982654529,0.46679155724431665
TEAD4_ELK3,TEA_ETS,0.26624526995604003,0.37673735521467,0.281506257821877,0.37072826116901597,0.26852184619462166
TEAD4_ERG,TEA_ETS,0.290001946311167,0.46155229958638505,0.257438453418033,0.485554867311499,0.35901923212366027
TEAD4_ERG_2,TEA_ETS,0.274448267321827,0.411626869518326,0.24525609596103304,0.41542541472313893,0.2789666668394563
TEAD4_ERG_3,TEA_ETS,0.270162030617926,0.48417163869463303,0.26112385694803597,0.48575315420977794,0.31079359418248426
TEAD4_ETV1,TEA_ETS,0.302212209757565,0.431465818614248,0.29190719286082,0.40341517726431103,0.2984681402779458
TEAD4_ETV4,TEA_ETS,0.346110438566235,0.534796807899915,0.34083712395005206,0.493688748346169,0.2930880437599049
TEAD4_ETV7,TEA_ETS,0.28328580031506395,0.324875534637776,0.254831443238082,0.283767636191239,0.34166047545779193
TEAD4_FLI1,TEA_ETS,0.24833974592855,0.37053158916518897,0.233089404693622,0.35519528980297105,0.2358094650827362
TEAD4_SPDEF,TEA_ETS,0.409218623142155,0.466988223010161,0.391388237793604,0.432287924770036,0.5603860712814717
TEAD4_SPDEF_2,TEA_ETS,0.369805332874444,0.46332327179236704,0.35542772207445206,0.4087460215280879,0.5563580456007216
TEAD4_SPDEF_3,TEA_ETS,0.307800326656408,0.3644875491979229,0.27729961168040196,0.35768096974139296,0.3346918382458339
TEAD4_SPIB,TEA_ETS,0.380202766765381,0.50601946427888,0.406377148001711,0.49453236755505897,0.6185982258718852
TEAD4_SPIB_2,TEA_ETS,0.457463579107968,0.503268319611082,0.41151970921871,0.49604666636036404,0.647452606998356
TEAD4_EOMES,TEA_Tbox,0.244779030462293,0.402163283183731,0.25462698928875604,0.40331119226356604,0.38439629419251164
TEAD4_EOMES_2,TEA_Tbox,0.333378274784653,0.37716861974325105,0.363400409010647,0.394689643676798,0.5148263653946501
TEAD4_EOMES_3,TEA_Tbox,0.243549292671938,0.38136048755168,0.20967462574198897,0.34874537953909696,0.6032992330880592
TEAD4_EOMES_4,TEA_Tbox,0.399621225329347,0.358492356953987,0.37391081668651,0.321809997128614,0.5427785299922165
TEAD4_EOMES_5,TEA_Tbox,0.35513242741162204,0.374152165286048,0.32952841418931395,0.368648108365882,0.4126553901411654
TEAD4_EOMES_6,TEA_Tbox,0.41559442281568,0.307814748599087,0.396599678807609,0.321782719537568,0.18736243414902132
TEAD4_TBX21,TEA_Tbox,0.3914750184826721,0.22400635158964802,0.41757724016843,0.26865809513063604,0.6038977858551332
TEAD4_TBX21_2,TEA_Tbox,0.184770019055429,0.42301206554337606,0.209733844043474,0.437540312801861,0.3370919166209342
TEAD4_FOXI1,TEA_Fox,0.25451528014638897,0.42969137515537603,0.25005150450725,0.42158738400480394,0.35781396425780854
TEAD4_FOXI1_2,TEA_Fox,0.32980883760435803,0.298764747579253,0.31913720012494395,0.288256210708727,0.5234085306960157
TEAD4_FOXI1_3,TEA_Fox,0.338506263634378,0.31129850574495194,0.325832767974025,0.28613759699347197,0.5012887923281181
TEAD4_FOXI1_4,TEA_Fox,0.20517363121819002,0.39036830953860296,0.19931719973597198,0.37588016717102796,0.5589142303337838
TEAD4_FOXI1_5,TEA_Fox,0.351403738888601,0.378392792998057,0.35947158532122403,0.37923500406032207,0.5124973965571394
TFAP2C_DLX3,AP2_Homeo,0.27142622216892803,0.38522996482265504,0.260148791101318,0.3861311299412721,0.20526392832879478
TFAP2C_DLX3_2,AP2_Homeo,0.421083774517764,0.267409721233126,0.40253584091737704,0.24802629652731,0.6006546025734981
TFAP2C_DLX3_3,AP2_Homeo,0.203754989049053,0.39267156036583,0.174876377733123,0.35919973314923803,0.28863031065685685
TFAP2C_DRGX,AP2_Homeo,0.405112691097466,0.281727038606384,0.38800543624158,0.25962648357374196,0.6372080701744005
TFAP2C_HOXB13,AP2_Homeo,0.445013128487671,0.307099056295682,0.444679380916253,0.289685359895329,0.623776695788517
TFAP2C_HES7,AP2_bHLH,0.235767177840133,0.35005554766929203,0.209118427048097,0.323281275385746,0.2619388234976353
TFAP2C_HES7_2,AP2_bHLH,0.335479767357208,0.236735273374811,0.32551206975588204,0.227290737298095,0.48980467354424867
TFAP2C_MAX,AP2_bHLH,0.410639473909785,0.254709009501079,0.42014795374569,0.240674731506535,0.602749685658625
TFAP2C_MAX_2,AP2_bHLH,0.396599299661756,0.285107050320378,0.401849569238318,0.27235928733183,0.5518349282885258
TFAP2C_MAX_3,AP2_bHLH,0.162555072985902,0.295895464084043,0.181008319325388,0.29141869886264504,0.23454703167512655
TFAP2C_MAX_4,AP2_bHLH,0.164133294260426,0.287900204967037,0.182209116017073,0.28367521335348,0.2418711871900981
TFAP2C_ONECUT2,AP2_HomeoCut,0.40521791527221596,0.336338499602438,0.39119190624119804,0.33144060117747104,0.34240162335228275
TFAP2C_ONECUT2_2,AP2_HomeoCut,0.4289624758576451,0.29728055070062603,0.408358899259387,0.28324703087096503,0.24179320851729053
TFAP2C_ONECUT2_3,AP2_HomeoCut,0.43699091313886607,0.319396543948788,0.419504520354856,0.292780224623783,0.23339446503113018
TFAP2C_ONECUT2_4,AP2_HomeoCut,0.40211716295609296,0.396456489087106,0.40172591807901004,0.38449011433003905,0.5732853963818483
