Dimer Name,Family Name,ED(MP),ED(MPrc),ED(NMP),ED(NMPrc),motif_distance,deepSyn_motif_distance,diff_distance,family_name
ALX4_EOMES,Homeo_Tbox,0.213109080107782,0.35369591409844703,0.21144260856565197,0.333864365081171,0.34858857719802705,0.294293264225118,0.0044928227878912605,Homeo_Tbox
ALX4_TBX21,Homeo_Tbox,0.241559839769534,0.405208623049272,0.241786523024633,0.40149663576865,0.3239854305312339,0.25535824215462594,0.0658993720707432,Homeo_Tbox
ALX4_TBX21_2,Homeo_Tbox,0.19887823077032998,0.45432740283538,0.20231676562034487,0.40349419280566295,0.22962515593397664,0.14574611607787488,0.08740116224797627,Homeo_Tbox
HOXA3_EOMES,Homeo_Tbox,0.133882908897176,0.33761131612181605,0.112236552787691,0.30030999304138395,0.18933902550647527,0.08889843116767095,0.10044059433880433,Homeo_Tbox
HOXB13_EOMES,Homeo_Tbox,0.218302073212489,0.392549178304935,0.200307248871391,0.380057574013714,0.2830376688114307,0.1781830603799386,0.12025712577944445,Homeo_Tbox
HOXB13_EOMES_2,Homeo_Tbox,0.15129967439206102,0.412468995268438,0.15129967439206102,0.412468995268438,0.25359530685060416,0.12278183147629658,0.2091636324074836,Homeo_Tbox
HOXB13_TBX21,Homeo_Tbox,0.151572766663391,0.45693616474597604,0.181242192282391,0.40975331264227705,0.21435626211372671,0.2692545881797928,-0.054898326066066094,Homeo_Tbox
HOXB13_TBX21_2,Homeo_Tbox,0.19360342278945106,0.41565487090231,0.19986267161281696,0.395023717640876,0.29163379079066615,0.18881570447836804,0.15804847872067573,Homeo_Tbox
HOXB13_TBX21_3,Homeo_Tbox,0.18804886027050197,0.426488953754253,0.175297945658333,0.39949875059137896,0.2404508941994031,0.1269440756097629,0.1624392517584663,Homeo_Tbox
HOXB13_TBX3,Homeo_Tbox,0.21243351361128798,0.295192973620232,0.189250559833497,0.315064675984544,0.30042635609002716,0.1878841040917919,0.11254225199823524,Homeo_Tbox
HOXB13_TBX3_2,Homeo_Tbox,0.15690857025613195,0.35779667633142703,0.14947597551678501,0.335668753486582,0.25822053229887604,0.1436743031783679,0.15781148486934135,Homeo_Tbox
HOXB2_EOMES,Homeo_Tbox,0.15772294404596698,0.312255157771633,0.136911547283125,0.36908381527615597,0.22233761029262097,0.14790718919786566,0.07434227659614315,Homeo_Tbox
HOXB2_EOMES_2,Homeo_Tbox,0.126804446923489,0.316829379064896,0.0919024732169063,0.293155528531809,0.2755370334818074,0.10310230774656824,0.1688301616915024,Homeo_Tbox
HOXB2_TBX3,Homeo_Tbox,0.10661590746330801,0.370460439120246,0.141859962059044,0.30708683208823306,0.1307103797447085,0.16291997237347927,-0.02083339128120787,Homeo_Tbox
HOXC10_EOMES,Homeo_Tbox,0.186731896983809,0.35378901143048597,0.129444728594622,0.349954362156488,0.2640787829664152,0.13208059039435682,0.13199819257205836,Homeo_Tbox
HOXC10_TBX21,Homeo_Tbox,0.176335523043518,0.3991636655092079,0.2064782849331689,0.3361592485787331,0.24937608808032366,0.181485232436886,0.06789085564343766,Homeo_Tbox
HOXD12_EOMES,Homeo_Tbox,0.227114464457745,0.3666384459370229,0.22996927520916197,0.319823692470408,0.49257352857280406,0.2455780619107915,0.07916487402474695,Homeo_Tbox
HOXD12_EOMES_2,Homeo_Tbox,0.372225612976529,0.34682398879377196,0.36542333510089503,0.330472931919314,0.5031115780563813,0.3954486342162379,0.08128524769411583,Homeo_Tbox
HOXD12_EOMES_3,Homeo_Tbox,0.156379857846882,0.370497401501111,0.146537445940348,0.32441487657528995,0.22115451584271084,0.08391180539336622,0.1372427104493446,Homeo_Tbox
HOXD12_TBX21,Homeo_Tbox,0.24182146720439804,0.40885503230438297,0.223348702242305,0.38949885461038103,0.3419871986726033,0.19547677365966,0.14651042501294329,Homeo_Tbox
HOXD12_TBX21_2,Homeo_Tbox,0.20131095786991496,0.33090099236004306,0.20053369209718694,0.322645528569199,0.5566999505893058,0.19854830114864225,0.22467206986396185,Homeo_Tbox
HOXD12_TBX21_3,Homeo_Tbox,0.25167034705654995,0.339958471630361,0.219621617629343,0.335819347871382,0.4340898599113161,0.16188279687338794,0.27618597932616984,Homeo_Tbox
PITX1_EOMES,Homeo_Tbox,0.145530842967333,0.35890332421838,0.14075108196389302,0.31271702276026503,0.20581169184922873,0.3240021878912803,-0.11819049604205162,Homeo_Tbox
PITX1_EOMES_2,Homeo_Tbox,0.20252490517735802,0.2949656142597,0.153480117324129,0.30769243047011796,0.29424108851065645,0.16549201742484634,0.17471326516611135,Homeo_Tbox
PITX1_TBX21,Homeo_Tbox,0.202086595436797,0.271967518800891,0.226666020672372,0.273221899337476,0.285793604050339,0.22335281754242653,0.06244078650791246,Homeo_Tbox
ARNTL_BHLHA15,bHLH_bHLH,0.20859151140945106,0.369769397007751,0.18243626303715504,0.398740285222819,0.294992944440403,0.18303258323754693,0.1119603612028561,bHLH_bHLH
CLOCK_BHLHA15,bHLH_bHLH,0.15938262050539198,0.38051927446424105,0.14249517421196806,0.374870775151824,0.22530038975995054,0.1888527612818313,0.036528146220325936,bHLH_bHLH
CLOCK_FIGLA,bHLH_bHLH,0.132577298971234,0.343598299505945,0.114262544121187,0.355064848413319,0.18749261426516095,0.10346730865204612,0.08402530561311483,bHLH_bHLH
CLOCK_FIGLA_2,bHLH_bHLH,0.128854212673508,0.319304991639244,0.12270204944041198,0.32277142448909,0.1975277373087809,0.12455677640214645,0.08529223651701298,bHLH_bHLH
CLOCK_NHLH1,bHLH_bHLH,0.133006876856592,0.41019951394495,0.126755057084471,0.41152547552506297,0.18810012916426444,0.13219189784862154,0.05590823131564288,bHLH_bHLH
CLOCK_NHLH1_2,bHLH_bHLH,0.13993576063624402,0.403673256873878,0.13191322001348,0.40173116238089,0.2172886608555639,0.11553779377348684,0.11945442422650646,bHLH_bHLH
TFAP4_MAX,bHLH_bHLH,0.121975664495277,0.38013069137649397,0.11315076844758801,0.36012162828866995,0.17249963900791612,0.08137352695196494,0.0911261120559512,bHLH_bHLH
TFAP4_MAX_2,bHLH_bHLH,0.12591191676338098,0.36934206616119897,0.109523567882013,0.362027686238596,0.18812710154724754,0.07373775536716741,0.26632293923256506,bHLH_bHLH
ARNTL_PITX1,bHLH_Homeo,0.230096999794793,0.4332525717253259,0.192323570772487,0.42255600238764296,0.32540629777113844,0.25892586175914395,0.06648043601199455,Homeo_bHLH
ARNTL_PITX1_2,bHLH_Homeo,0.146189261653926,0.402430677693507,0.158636815896868,0.370794288680197,0.22861260194851835,0.19191775932304908,0.05580197198248624,Homeo_bHLH
CLOCK_EVX1,bHLH_Homeo,0.137034480979309,0.41144588716081604,0.156567036286813,0.36256948646402004,0.19379602151287595,0.15630495711062525,0.037491064402250716,Homeo_bHLH
CLOCK_EVX1_2,bHLH_Homeo,0.18306925425110893,0.374333546861649,0.216646334510662,0.346041954668438,0.2769983353671016,0.2569392938090108,-0.00850362099056054,Homeo_bHLH
CLOCK_EVX1_3,bHLH_Homeo,0.153927762094841,0.362657962784771,0.170363691513296,0.359976252057303,0.23138192587329104,0.1773344511052113,0.18009816288273056,Homeo_bHLH
CLOCK_EVX1_4,bHLH_Homeo,0.148884337945664,0.37991167861124703,0.146823171553636,0.3556243927733351,0.24134701096217123,0.1989478665553925,0.08122288878242476,Homeo_bHLH
TEAD4_HOXA13,bHLH_Homeo,0.17259240139338095,0.465980925171604,0.138485167101551,0.382367173702652,0.1708594501091192,0.1727839015891327,0.0033463224319492946,Homeo_bHLH
TEAD4_HOXA13_2,bHLH_Homeo,0.18535269440915197,0.399263721166434,0.142628563813523,0.404568526939899,0.3073007103171861,0.1727480049896729,0.23220677697063424,Homeo_bHLH
TEAD4_HOXA13_3,bHLH_Homeo,0.145458440251318,0.37806852667796903,0.130728113121094,0.34930144196282,0.34165956913451706,0.1729237638576857,0.24478698891645584,Homeo_bHLH
TEAD4_HOXA13_4,bHLH_Homeo,0.126190747288459,0.35198860190121,0.13235025568126,0.3407839207207849,0.28555883968719387,0.16786809186251686,0.20194481128075573,Homeo_bHLH
TFAP4_DLX3,bHLH_Homeo,0.12342311716236001,0.40117864196578795,0.131433502887337,0.367527767184301,0.17454664615724974,0.1957481001248944,-0.021201453967644668,Homeo_bHLH
TFAP4_DLX3_2,bHLH_Homeo,0.167108043848428,0.32533258156576,0.15788067756148094,0.323857613581904,0.2519782812515944,0.1570836941907103,0.19754962350685454,Homeo_bHLH
ATF4_CEBPB,bZIP_bZIP,0.0678154859426621,0.437833682807271,0.0775982162818172,0.430488728331527,0.09636164693922078,0.08165633615539451,0.013919712119000352,bZIP_bZIP
ATF4_CEBPD,bZIP_bZIP,0.0660569961148602,0.440966475159191,0.0825359530847139,0.4269059042692271,0.10104425078878866,0.09595407894027563,-0.017207654938907427,bZIP_bZIP
ATF4_TEF,bZIP_bZIP,0.141129421572999,0.4321090696065429,0.12318817575269801,0.42897972325333295,0.1957964130309999,0.1653017268928854,0.030414791087939624,bZIP_bZIP
CEBPG_ATF4,bZIP_bZIP,0.0797304485919087,0.42864543581278497,0.0734754962927729,0.42730193141688505,0.10755656040288329,0.1122518329896048,-0.006915696581586943,bZIP_bZIP
CEBPG_CREB3L1,bZIP_bZIP,0.23269937064882,0.486658675890842,0.216312950602378,0.45595429703431,0.3113353807742904,0.2411176790927837,0.07205992633130168,bZIP_bZIP
CUX1_HOXA13,HomeoCUT_Homeo,0.18351485960455705,0.41439928283447297,0.193260990508232,0.4139446046047121,0.2595292033105796,0.1833333213059545,0.0761958820046251,HomeoCUT_Homeo
CUX1_HOXA13_2,HomeoCUT_Homeo,0.16557466283429598,0.36238780738588505,0.159965725255716,0.342384717674866,0.29046998421735987,0.12221053878266665,0.3230306538789114,HomeoCUT_Homeo
CUX1_HOXB13,HomeoCUT_Homeo,0.15537333554595598,0.322956564832792,0.16709938342342906,0.3242977656713269,0.21829073520458067,0.1140023554352297,0.10333804226402406,HomeoCUT_Homeo
CUX1_PITX1,HomeoCUT_Homeo,0.160372412415004,0.33002282200753397,0.145363354083912,0.342364037840454,0.22680084066163242,0.18179366021798696,0.04500718044364546,HomeoCUT_Homeo
E2F1_EOMES,E2F_Tbox,0.2136799364505101,0.338137699566757,0.20740190500053196,0.332352287905466,0.31051793158739927,0.2509758286025036,0.0627497398655017,E2F_Tbox
E2F1_EOMES_2,E2F_Tbox,0.20026921871973105,0.3980116267985621,0.18195811481664687,0.38675973785609796,0.40215877949487344,0.22038960591477733,0.08198410370832135,E2F_Tbox
E2F3_EOMES,E2F_Tbox,0.262593248969723,0.37179402945166795,0.2423765424622769,0.380280784118425,0.36279177476249175,0.3154818662586686,0.051150884857877776,E2F_Tbox
E2F3_TBX21,E2F_Tbox,0.1962453345735589,0.37891473625270894,0.17625707474699806,0.35657365595404106,0.27753281375487393,0.18193603076174186,0.09559678299313204,E2F_Tbox
E2F3_TBX21_2,E2F_Tbox,0.235663305508864,0.39916760803049495,0.207450692140144,0.365504520365727,0.3294948951746271,0.2276877718352651,0.10983169969867362,E2F_Tbox
E2F3_TBX21_3,E2F_Tbox,0.21174532030567486,0.344123701467231,0.198140920627832,0.3642294890617629,0.31942500572099,0.3100546594276249,0.022916842109765908,E2F_Tbox
E2F1_HES7,E2F_bHLH,0.127967934947333,0.3842508640688279,0.13998010257717006,0.380217557037272,0.18097398915613216,0.11893113632231668,0.0620428528338155,E2F_bHLH
E2F1_HES7_2,E2F_bHLH,0.139400861550068,0.367462257842601,0.13547081283020201,0.3512696751727289,0.19886101857117938,0.15815385554626782,0.05208553730365156,E2F_bHLH
E2F1_NHLH1,E2F_bHLH,0.178433414604068,0.381638922474547,0.16611242608169902,0.373206060543198,0.2523429548226101,0.2030067860732426,0.0493361687493675,E2F_bHLH
E2F3_HES7,E2F_bHLH,0.263206308410437,0.415832744537609,0.221895479262362,0.3910362262600751,0.37133665014800593,0.19288293904786685,0.1779207615865061,E2F_bHLH
ELK1_EOMES,ETS_Tbox,0.21092763116045002,0.364260826903057,0.15879654558565,0.33218363218686897,0.2970718726684785,0.1042337130100405,0.1936808420788685,ETS_Tbox
ELK1_EOMES_2,ETS_Tbox,0.191408160814525,0.374391710075605,0.155310310139012,0.39073255083192,0.3412058953051652,0.15836691624497867,0.17692438698418667,ETS_Tbox
ELK1_EOMES_3,ETS_Tbox,0.0694794070337992,0.325527749398335,0.0694794070337992,0.325527749398335,0.20112377227928072,0.0770356963966275,0.13154172845331955,ETS_Tbox
ELK1_TBX21,ETS_Tbox,0.12709130790951098,0.35904000323771706,0.13372881105628698,0.347796310350257,0.17973425136764162,0.152312622093361,0.027421629274280684,ETS_Tbox
ELK1_TBX21_2,ETS_Tbox,0.0762818882137018,0.370267497212438,0.0856874381584111,0.34713656243505103,0.18395775494709174,0.07863086180030225,0.1746404300985741,ETS_Tbox
ELK1_TBX21_3,ETS_Tbox,0.14466843850265,0.350759193912964,0.17058181591649,0.332054170086953,0.20453602474661728,0.14415376014503545,0.060418789725808414,ETS_Tbox
ELK1_TBX21_4,ETS_Tbox,0.168108155815364,0.40278607407064,0.154133802458436,0.389622908884575,0.42073779807390715,0.1473961823633128,0.11104366762762953,ETS_Tbox
ERF_EOMES,ETS_Tbox,0.173723072375677,0.355727184406199,0.16048491766509398,0.34212671213552104,0.24568152501937682,0.11889204482426588,0.12678948019511094,ETS_Tbox
ERF_EOMES_2,ETS_Tbox,0.125498714022453,0.331345570541152,0.128959073885703,0.322436712896462,0.27560714070627934,0.0979912955940983,0.1839198006056888,ETS_Tbox
ERF_TBX21,ETS_Tbox,0.162666280808943,0.35924605176740604,0.143962533130105,0.344103385972623,0.23004486046316153,0.12737731546488815,0.10266754499827337,ETS_Tbox
ERF_TBX21_2,ETS_Tbox,0.101813049157521,0.409638008314759,0.11347055937191,0.3902736696910221,0.26355270482688076,0.0819027559819223,0.21096598065875505,ETS_Tbox
ETV2_EOMES,ETS_Tbox,0.153239549879482,0.33397090223364,0.13865065280725195,0.34117010610311105,0.21665777229150804,0.11327378925136113,0.10342361732564986,ETS_Tbox
ETV2_EOMES_2,ETS_Tbox,0.11205996999854904,0.34034474556157795,0.115845367960952,0.34802464283599704,0.27206391458480256,0.06421904329726608,0.1394335835268618,ETS_Tbox
ETV2_EOMES_3,ETS_Tbox,0.152340395422945,0.3685712075454261,0.155452923747974,0.35957146997542105,0.2341981867634584,0.09818978430678764,0.2669032674220007,ETS_Tbox
ETV2_TBX21,ETS_Tbox,0.17947998096941106,0.327790331438974,0.170125427868863,0.324353851695514,0.2538230232678202,0.16542671178709875,0.08839631148072144,ETS_Tbox
ETV2_TBX21_2,ETS_Tbox,0.11408956247818401,0.3994204003006699,0.14239056775212694,0.39762067621319397,0.29244911489007025,0.06048150998080683,0.263309388717117,ETS_Tbox
ETV2_TBX21_3,ETS_Tbox,0.14318679305093102,0.3986436991433209,0.13930109723301,0.36059944487597995,0.27052678898024474,0.1159100435478642,0.25405831736681905,ETS_Tbox
ETV5_EOMES,ETS_Tbox,0.12372065011518901,0.332511751841185,0.125820689902967,0.326038593778299,0.17432227900277872,0.11604643404307452,0.058566357951919036,ETS_Tbox
ETV5_EOMES_2,ETS_Tbox,0.0969788771014578,0.322340364495031,0.10260926719370801,0.326679547846449,0.2781771667820234,0.09955772477422282,0.128112705362889,ETS_Tbox
ETV7_TBX21,ETS_Tbox,0.189162712264082,0.36754985940801,0.16240522662133702,0.3712783776844121,0.265744886854089,0.13834635954161306,0.12558784267002346,ETS_Tbox
ETV7_TBX21_2,ETS_Tbox,0.186715587400007,0.374785985893117,0.186715587400007,0.374785985893117,0.2638666702691818,0.10918226514947392,0.15934936099952945,ETS_Tbox
ELK1_ETV7,ETS_ETS,0.2429449295123409,0.34417430521396003,0.273239098993107,0.34104993343422396,0.3702881937451928,0.13978991366712185,0.2521229683921849,ETS_ETS
ELK1_SPDEF,ETS_ETS,0.700546260389187,0.617750755277376,0.635381467575718,0.54751733110794,0.6488588005850199,0.4027287976784548,0.2467053742202512,ETS_ETS
ERF_ETV7,ETS_ETS,0.24298874960478398,0.3826456813722929,0.45944049845728496,0.5040565297420999,0.4953247276536999,0.0825681306291828,0.3786033339010385,ETS_ETS
ETV2_ETV7,ETS_ETS,0.24410965924981096,0.3825112506818689,0.238068430895125,0.363373020824806,0.46803785506241585,0.0788956096947337,0.2686811945486073,ETS_ETS
ETV2_SPDEF,ETS_ETS,0.32701163255362,0.35653333474025706,0.344006419948913,0.34372224625741,0.5899181712135501,0.22667707705890885,0.2343483823022801,ETS_ETS
ETV5_ETV7,ETS_ETS,0.29382076037284305,0.299990294164547,0.307077680014586,0.314318037558758,0.43982497175852914,0.1333867711086802,0.2430480311310191,ETS_ETS
FLI1_ETV7,ETS_ETS,0.368899579044734,0.320694564542661,0.274267935016061,0.321065779870843,0.3389508906970276,0.24367449702096225,0.2752339646810649,ETS_ETS
ELK1_EVX1,ETS_Homeo,0.21770908276386208,0.351537936410287,0.15679458037196806,0.3950662293523871,0.3078871375539287,0.12124437959676165,0.186642757957167,Homeo_ETS
ELK1_HOXA1,ETS_Homeo,0.130842217667644,0.36916745362211695,0.133071899401626,0.3870555332768811,0.18503883904619797,0.1415896286081181,0.04344921043807989,Homeo_ETS
ELK1_HOXA3,ETS_Homeo,0.294209772420909,0.327670653984943,0.22851399356995705,0.34296565369890303,0.4160754504456122,0.22503002515624,0.19104542528937227,Homeo_ETS
ELK1_HOXA3_2,ETS_Homeo,0.171928239021289,0.449587116111348,0.11010894101330802,0.394448033066549,0.3478606118632031,0.1431191033008494,0.1587924451903678,Homeo_ETS
ELK1_HOXB13,ETS_Homeo,0.136243366506973,0.4177679645174761,0.117215844909604,0.414531624315859,0.1926772167099943,0.2023698020225075,-0.009692585312513213,Homeo_ETS
ELK1_HOXB13_2,ETS_Homeo,0.128341676455019,0.4062917955233061,0.141829574937039,0.418229628848545,0.1785271199743005,0.17974685942776575,0.0011668931684379324,Homeo_ETS
ERF_DLX2,ETS_Homeo,0.0950450216553111,0.39242115794834703,0.125301973399582,0.386218669044988,0.13441395864735822,0.08550959284412989,0.048904365803228336,Homeo_ETS
ERF_DLX2_2,ETS_Homeo,0.12865363893137402,0.350115821932495,0.11128808100045,0.35291108607347205,0.18161877885415842,0.0947526715026068,0.08709447568352861,Homeo_ETS
ERF_DLX3,ETS_Homeo,0.151316499672871,0.339546726416964,0.0999418202165221,0.370939433727206,0.21399384612248767,0.13419352176137747,0.0798003243611102,Homeo_ETS
ERF_DLX3_2,ETS_Homeo,0.0974725071785982,0.406524983963387,0.0942018797033454,0.3715993472985489,0.1504412572747535,0.14788308162113822,0.1262242671223877,Homeo_ETS
ERF_HOXA3,ETS_Homeo,0.114886620135627,0.39495075887750797,0.137989669768135,0.379239116710225,0.16247421637328177,0.1493423463382713,0.013131870035010484,Homeo_ETS
ERF_HOXB13,ETS_Homeo,0.17890482859510298,0.35193408042158597,0.11272545911597999,0.391483482850504,0.2508171445903622,0.07616936148535633,0.17627151177988468,Homeo_ETS
ERF_PITX1,ETS_Homeo,0.18577136612108602,0.342828268554546,0.0909146698024888,0.355464663530633,0.26272038542523024,0.14553495782016013,0.11718542760507013,Homeo_ETS
ERF_PITX1_2,ETS_Homeo,0.145875260442798,0.358790364710966,0.0936190148571337,0.375313067458243,0.2287078875555198,0.11791204220583396,0.11870270015152234,Homeo_ETS
ETV2_DLX2,ETS_Homeo,0.12209808396288,0.3678097382529771,0.116218275992936,0.3716610350154261,0.17267276625390218,0.13363043088583992,0.03904233536806232,Homeo_ETS
ETV2_DLX2_2,ETS_Homeo,0.06587443531436,0.37215751792848,0.108664522970592,0.375405034361685,0.10199662090183761,0.06168432580400127,0.1667076756255084,Homeo_ETS
ETV2_DLX3,ETS_Homeo,0.0785948131864497,0.36359865201921204,0.0999319472374782,0.335693664725478,0.11114985073876435,0.13112233429053835,-0.019972483551774,Homeo_ETS
ETV2_DLX3_2,ETS_Homeo,0.0830563369438755,0.3936300920286221,0.0766429351714007,0.381902845651673,0.12686304416992544,0.09700994999439258,0.1527694077396928,Homeo_ETS
ETV2_DLX3_3,ETS_Homeo,0.0742475043401287,0.383951821947972,0.0996604953731911,0.388984832354755,0.12174123130616388,0.06053321279510364,0.25081419595115634,Homeo_ETS
ETV2_DLX3_4,ETS_Homeo,0.1846560271451161,0.32605228388978397,0.174450647278415,0.349041339092293,0.30021224927737805,0.216877156444036,0.10741153982109014,Homeo_ETS
ETV2_DRGX,ETS_Homeo,0.129572128349319,0.339896499579188,0.182070921243098,0.404365857337475,0.18324266121795732,0.09833641224021596,0.08490624897774135,Homeo_ETS
ETV2_DRGX_2,ETS_Homeo,0.158901393540412,0.3923955341731541,0.16988875602342698,0.404534173624795,0.24161950582309175,0.2086147457896339,0.001098772854645852,Homeo_ETS
ETV2_EVX1,ETS_Homeo,0.158865752209156,0.406296712532285,0.170059599231326,0.388473951749586,0.22464194190509165,0.17766008389611293,0.047006049436026265,Homeo_ETS
ETV2_GSC2,ETS_Homeo,0.128045142989804,0.365340726323324,0.140938781474647,0.3792132362129601,0.1810831778524087,0.1376235491933007,0.04345962865910802,Homeo_ETS
ETV2_GSC2_2,ETS_Homeo,0.12528631257243306,0.349280332188174,0.132609120682558,0.357145627955877,0.18656798068315383,0.10945940018763364,0.08577292966113655,Homeo_ETS
ETV2_GSC2_3,ETS_Homeo,0.105112939851292,0.34497858069058396,0.12321175394125695,0.332143990155392,0.15886161578994204,0.12859820847895506,0.22071840397582748,Homeo_ETS
ETV2_GSC2_4,ETS_Homeo,0.0809308762126509,0.40579873431645097,0.0966767282104785,0.38272455453887,0.13051839311985577,0.15755209682377366,0.19709650907055384,Homeo_ETS
ETV2_GSC2_5,ETS_Homeo,0.084835535599584,0.384512486903806,0.11884987353329901,0.395061059112511,0.15219608519028416,0.11717775884200107,0.2295121886978237,Homeo_ETS
ETV2_HOXA2,ETS_Homeo,0.103809270514159,0.39428660857604997,0.0980286867712331,0.380693407316927,0.14680847826624302,0.10958321817320504,0.037225260093038,Homeo_ETS
ETV2_HOXA2_2,ETS_Homeo,0.0917373176951215,0.399517021875069,0.097166181550636,0.3745422787046339,0.17793244682133863,0.0930119516945663,0.19340712116745487,Homeo_ETS
ETV2_HOXB13,ETS_Homeo,0.0943722409730191,0.394326374631013,0.131132061359911,0.383734377263257,0.13332212268129034,0.11438919718884445,0.018923879942936428,Homeo_ETS
ETV2_HOXB13_2,ETS_Homeo,0.14781275066246,0.4184537494248951,0.158579395752276,0.397929761258542,0.1866274261247266,0.1566447930810771,0.11999764532946773,Homeo_ETS
ETV2_PITX1,ETS_Homeo,0.0857389321155795,0.41541384362336203,0.157310149465505,0.37673324734284797,0.1212531605669801,0.11774003666348168,0.003513123903498422,Homeo_ETS
ETV5_DLX2,ETS_Homeo,0.0938486130722988,0.350842937682947,0.0933575121848901,0.365574662587498,0.13272198141830535,0.16619127936532824,-0.033469297947022934,Homeo_ETS
ETV5_DRGX,ETS_Homeo,0.18474056277599105,0.4291160654232221,0.18384235088432,0.420220871076206,0.2612626093739759,0.08571963845098597,0.17554297092298998,Homeo_ETS
ETV5_DRGX_2,ETS_Homeo,0.173175717442683,0.315163965871271,0.17311687335159198,0.32791115753199396,0.2806169305845686,0.24709203096171906,0.09682103216977628,Homeo_ETS
ETV5_EVX1,ETS_Homeo,0.104704503692775,0.368599602747301,0.11223865140503997,0.34735216569724003,0.14626499258408482,0.07970475077666186,0.06773021754409764,Homeo_ETS
ETV5_EVX1_2,ETS_Homeo,0.159952801295656,0.3897218261354299,0.155972233981148,0.372288622151067,0.18460117115857716,0.08328038048795253,0.1956697323508901,Homeo_ETS
ETV5_EVX1_3,ETS_Homeo,0.179713419548145,0.3667440391769411,0.16955640696412694,0.358290721944831,0.34569812448997955,0.1757631738446533,0.08944841647187046,Homeo_ETS
ETV5_HOXA13,ETS_Homeo,0.14163496159013098,0.399381010023109,0.125034871059725,0.377272334012073,0.20030208311429012,0.12690792889694602,0.0733941542173441,Homeo_ETS
ETV5_HOXA2,ETS_Homeo,0.084839492796588,0.37747039878746,0.110463937921389,0.352054025009272,0.11998116141080542,0.11537948123870162,0.004601680172103786,Homeo_ETS
ETV5_HOXA2_2,ETS_Homeo,0.14072718781167098,0.360749912411733,0.13124746944526802,0.3616730797220471,0.29373786902762783,0.17609375320768053,0.16321353453070267,Homeo_ETS
ETV5_HOXA2_3,ETS_Homeo,0.11776666496901801,0.342755664557584,0.0735064072599442,0.372401992069738,0.24382961879629705,0.08078873211415732,0.1936238426290104,Homeo_ETS
ETV5_HOXB13,ETS_Homeo,0.162793920315647,0.385439651921966,0.140224831143948,0.3804963559701301,0.2302253699951134,0.08531367131057267,0.14491169868454076,Homeo_ETS
FLI1_DLX2,ETS_Homeo,0.272361840959345,0.42106710358535104,0.2945993752710511,0.413085371327897,0.38517780941031626,0.15827374452202805,0.22690406488828824,Homeo_ETS
FLI1_DLX2_2,ETS_Homeo,0.169983837201381,0.413190314253271,0.16361870538280202,0.394989172804386,0.40146995999934354,0.16277415520336733,0.1882730841434964,Homeo_ETS
FLI1_DRGX,ETS_Homeo,0.291359890468211,0.379620975717975,0.23732536321390196,0.40474987569224896,0.3562047055184935,0.22069290555315327,0.053366797331452026,Homeo_ETS
FLI1_HOXB13,ETS_Homeo,0.265084546809127,0.380268265223029,0.27405874138366,0.385400884999464,0.3706088166121313,0.18471749164834889,0.1901686705993081,Homeo_ETS
ELK1_FOXI1,ETS_Fox,0.204947489582595,0.36323849764519395,0.20292414658539001,0.372664804638995,0.31297897410006004,0.1608494905576679,0.12533130335208315,Fox_ETS
ELK1_FOXI1_2,ETS_Fox,0.14636371265752401,0.444247125051231,0.21524787474059398,0.3730384565347321,0.24235790096059293,0.269144872819126,-0.02578030824507096,Fox_ETS
ELK1_FOXI1_3,ETS_Fox,0.162142350238826,0.37787223552781,0.182646789558348,0.3684018696939679,0.18053456036659096,0.14818226892307684,0.10399176627040596,Fox_ETS
ELK1_FOXI1_4,ETS_Fox,0.113231276536416,0.406769975691156,0.146108012960001,0.34316870192307397,0.3040398045623397,0.16556615850577147,0.2340480175380776,Fox_ETS
ELK1_FOXI1_5,ETS_Fox,0.150465120411597,0.424098923976866,0.152105566211019,0.416243832965121,0.2127898140358829,0.17408225057677906,0.03870756345910384,Fox_ETS
ELK1_FOXI1_6,ETS_Fox,0.21445474595357394,0.454873048781924,0.20297427298730802,0.393818747879003,0.26121381433611657,0.2257124203363788,0.19535741658641176,Fox_ETS
ERF_FOXI1,ETS_Fox,0.140451709820788,0.420531944680836,0.156684476500702,0.3421578841810769,0.1962679932105281,0.08622478934265679,0.11090264480946646,Fox_ETS
ERF_FOXI1_2,ETS_Fox,0.14041839113541,0.453890377729479,0.118958184593279,0.43588390464494303,0.38856326386379214,0.1382140922132303,0.32965614006135924,Fox_ETS
ERF_FOXI1_3,ETS_Fox,0.13681553057191498,0.36514183413861,0.11465345487296599,0.37684988352844395,0.2673065485610998,0.15075654288149545,0.2405557725410034,Fox_ETS
ERF_FOXO1,ETS_Fox,0.11341080939804099,0.47545156124271604,0.114384873652321,0.43383438216780296,0.15860345247717228,0.14760797266240572,0.01126587395734152,Fox_ETS
ETV2_FOXI1,ETS_Fox,0.167907134317432,0.426398812172639,0.12228262344644601,0.42003224674157896,0.2810946751501068,0.11999679188258892,0.11713492417368992,Fox_ETS
ETV2_FOXI1_2,ETS_Fox,0.130856556440445,0.4540004882222321,0.130968506011711,0.42714007207529997,0.23540747382651125,0.12221707023677605,0.12441101063159775,Fox_ETS
ETV2_FOXI1_3,ETS_Fox,0.155719733206397,0.451672962065128,0.136293763514596,0.380872305301425,0.2791224837095794,0.16472880877318605,0.31375175257114274,Fox_ETS
ETV2_FOXI1_4,ETS_Fox,0.146439231593162,0.411791788213008,0.218550646744147,0.3688229249819721,0.20464829170253748,0.07157757176798715,0.13228550560797886,Fox_ETS
ETV2_FOXI1_5,ETS_Fox,0.288752242887284,0.29610326149354604,0.200027511286175,0.351600465161817,0.4082817610000809,0.13191098763953993,0.2759256888615541,Fox_ETS
ETV2_FOXO6,ETS_Fox,0.145178706162384,0.3714396480426,0.15885581565137,0.357867005236244,0.20545074127005566,0.06268922597047981,0.14223566542566252,Fox_ETS
ETV5_FOXI1,ETS_Fox,0.12277513248520501,0.40601701533400497,0.13790134577518898,0.373842211206228,0.17338151943125382,0.14393791387624408,0.029687417397708863,Fox_ETS
ETV5_FOXI1_2,ETS_Fox,0.125737222302649,0.327500678972283,0.160930869420051,0.371111439165094,0.23744812997538198,0.11707959226190302,0.09531479284118806,Fox_ETS
ETV5_FOXI1_3,ETS_Fox,0.22051214003019,0.30001123454839,0.163934353191156,0.31246698253670896,0.3038553519168123,0.1590235792684897,0.14538840520211493,Fox_ETS
ETV5_FOXO1,ETS_Fox,0.144758143856554,0.37771193862763597,0.15543801315636901,0.35126183641305997,0.2047189305013134,0.12694828849849565,0.07777064200281777,Fox_ETS
ETV5_FOXO1_2,ETS_Fox,0.155605401277375,0.40011871095963897,0.11378850522365101,0.387951749043872,0.13407891794766244,0.10874922884749233,0.2674508138917901,Fox_ETS
FLI1_FOXI1,ETS_Fox,0.33650474658281104,0.36024083915464,0.35171180715769396,0.4175958788617101,0.7493918578941299,0.4517149364193662,0.14580463796002294,Fox_ETS
FLI1_FOXI1_2,ETS_Fox,0.282576062032513,0.41300119942346997,0.26187394883436105,0.39932051598784996,0.33769083947935746,0.2056650786215131,0.20943540081299586,Fox_ETS
FLI1_FOXI1_3,ETS_Fox,0.18117836590720696,0.45245610337071,0.188188668762106,0.40511960766733707,0.383896736979746,0.13164850563115027,0.3612748225082326,Fox_ETS
FLI1_FOXI1_4,ETS_Fox,0.15680245337182,0.446053313371912,0.13995909209787602,0.41823906545746603,0.2320485410116259,0.1225548349916006,0.18695779549934066,Fox_ETS
ELK1_ONECUT2,ETS_HomeoCut,0.186594076586719,0.523802792015716,0.168882463747794,0.486619436388655,0.22915452386402194,0.14743507529635402,0.08908553040857202,ETS_HomeoCut
ERF_ONECUT2,ETS_HomeoCut,0.144503626864547,0.44219322188572496,0.140487466423293,0.416629893028,0.20435898885726478,0.11749735094372835,0.0868616379135364,ETS_HomeoCut
ETV2_ONECUT2,ETS_HomeoCut,0.161332572835443,0.3968716814857821,0.15354530750825301,0.42186659674516497,0.22498159080827188,0.0912735446482714,0.13383727693438455,ETS_HomeoCut
ETV2_ONECUT2_2,ETS_HomeoCut,0.178398950057057,0.360394238004665,0.14482092610590305,0.402309925527821,0.2745415698265904,0.08654545336937375,0.2734248838574204,ETS_HomeoCut
ETV2_ONECUT2_3,ETS_HomeoCut,0.130606963168106,0.4489526719089121,0.14155792979371498,0.3967474920416599,0.17050191152260138,0.0973761490812809,0.3377233247158743,ETS_HomeoCut
ETV2_ONECUT2_4,ETS_HomeoCut,0.128713878728001,0.430025451041744,0.11961900412790401,0.393787810864522,0.23709383850060653,0.06604859638342436,0.1873718263522732,ETS_HomeoCut
ETV2_ONECUT2_5,ETS_HomeoCut,0.150610381338641,0.46400658755767604,0.14580248344951802,0.437556223698029,0.2713809599743429,0.09815577831425827,0.2583998271495533,ETS_HomeoCut
FLI1_ONECUT2,ETS_HomeoCut,0.190192346414398,0.4438208266868471,0.20278083977486397,0.42132107984901707,0.26897259572448734,0.18623014742771835,0.082742448296769,ETS_HomeoCut
ELK1_PAX1,ETS_PAX,0.13596969774093198,0.39347681791710704,0.18127244301575696,0.34380988756333003,0.190996561778117,0.08990531502719531,0.1019375554337276,ETS_PAX
ELK1_PAX5,ETS_PAX,0.31576067690686,0.621697827950583,0.316694662864295,0.557434600195583,0.19943874779172788,0.06940637313695451,0.13901052708078027,ETS_PAX
ELK1_PAX9,ETS_PAX,0.315564704436536,0.435477232942383,0.29507917098957104,0.43520088848551197,0.7161985682489345,0.440827089719149,0.31912085004170315,ETS_PAX
ETV2_PAX5,ETS_PAX,0.7333853678237109,0.717527561815317,0.298251142436141,0.494516265699035,0.5598293512541626,0.10105756641743524,0.4756329057617621,ETS_PAX
ELK1_SREBF2,ETS_bHLH,0.286558955366084,0.32558895818110195,0.18685416803503305,0.3587756275188789,0.40525556110140426,0.21644965307655809,0.18880590802484606,ETS_bHLH
ELK1_SREBF2_2,ETS_bHLH,0.135135334322441,0.43038844211813204,0.0864846891910862,0.406341597327009,0.20175833818353037,0.11319575280500907,0.09977986051648167,ETS_bHLH
ERF_CLOCK,ETS_bHLH,0.15310381266698495,0.439597689475699,0.132647820001764,0.4150766207175271,0.21652148777683272,0.15316804359898487,0.06335344417784791,ETS_bHLH
ERF_FIGLA,ETS_bHLH,0.141325344158941,0.40141230631070296,0.141325344158941,0.40141230631070296,0.1998642184273653,0.11134426066719966,0.08851995776016566,ETS_bHLH
ERF_HES7,ETS_bHLH,0.151895717674876,0.398435743764492,0.17968297407080802,0.364384374213214,0.2148129840506547,0.15910951862509656,0.05570346542555815,ETS_bHLH
ERF_HES7_2,ETS_bHLH,0.17022994247711098,0.473631251348727,0.157720922934451,0.4681083858159361,0.24074149338773135,0.17258528487987815,0.0681562085078532,ETS_bHLH
ERF_HES7_3,ETS_bHLH,0.196093392790351,0.48484412798408,0.182213854595714,0.392505521295837,0.313838505774364,0.16788409937890392,0.16504973854850896,ETS_bHLH
ERF_MAX,ETS_bHLH,0.272003586871645,0.279121734842258,0.164602561184837,0.37332463890289,0.38467116155029374,0.10626328058803754,0.2784078809622562,ETS_bHLH
ERF_NHLH1,ETS_bHLH,0.16373617888444195,0.428097739685757,0.148953383584224,0.3846251103557129,0.22162018052110832,0.11227642464936913,0.11262666010757046,ETS_bHLH
ERF_SREBF2,ETS_bHLH,0.09056381674151501,0.4440436382717271,0.12023813177787,0.4037748485736579,0.12686081765106952,0.1670847683480771,-0.03952643378167306,ETS_bHLH
ERF_SREBF2_2,ETS_bHLH,0.19055633872046202,0.44736615974981897,0.14423956984491,0.446435157178249,0.3314452645624135,0.2329244951504381,0.12049134707080242,ETS_bHLH
ETV2_BHLHA15,ETS_bHLH,0.153473995009426,0.39069376305299697,0.188048168183893,0.329058988254029,0.216414102956265,0.09248019061792648,0.12415889660357575,ETS_bHLH
ETV2_CLOCK,ETS_bHLH,0.11033281090281802,0.43017938271213,0.14310641593427098,0.38859515587314203,0.1560341575584319,0.1438276816761426,0.012206475882289236,ETS_bHLH
ETV2_FIGLA,ETS_bHLH,0.0558555419753115,0.432024588718619,0.0928295668294639,0.412457614218269,0.07899166498233859,0.08066651480532737,-0.0016748498229887665,ETS_bHLH
ETV2_FIGLA_2,ETS_bHLH,0.12881659451080302,0.4347594504218979,0.165692166710104,0.35262436124697105,0.3625198649217486,0.1531120013569605,0.26289815951592,ETS_bHLH
ETV2_HES7,ETS_bHLH,0.18399582458259,0.51445540143449,0.187144362152098,0.391535336949815,0.2575682666435349,0.11839330851152473,0.1406884860517892,ETS_bHLH
ETV2_HES7_2,ETS_bHLH,0.308599571155781,0.325216522251955,0.16897009564444698,0.38038766236277705,0.40977539658680645,0.12593836193415936,0.2792466833586271,ETS_bHLH
ETV2_HES7_3,ETS_bHLH,0.18258026780571598,0.45728645501481396,0.16065294321215806,0.35583948280418,0.28690303921277377,0.10591550125301906,0.3495938750888146,ETS_bHLH
ETV2_NHLH1,ETS_bHLH,0.14448584682188198,0.4324051914729389,0.18217554332513802,0.37906330956788303,0.20177224547357153,0.13775650228634378,0.06306178160519188,ETS_bHLH
ETV2_NHLH1_2,ETS_bHLH,0.225242936685373,0.312929168012965,0.176277994155219,0.361063635631807,0.2811168476686056,0.19053186965086333,0.19289821114850925,ETS_bHLH
ETV2_SREBF2,ETS_bHLH,0.19060570129469,0.4168911237972629,0.130843161437572,0.399034587889436,0.2625111777482946,0.16919056201521016,0.09690549397839847,ETS_bHLH
ETV2_SREBF2_2,ETS_bHLH,0.15931538278413598,0.41346123557682596,0.18998779566732896,0.3590973338794949,0.2293726483669496,0.19651249348056105,0.05242503885486097,ETS_bHLH
ETV2_TCF3,ETS_bHLH,0.173536959965635,0.29012086639328805,0.116661274049369,0.40712275576576895,0.24541832236917674,0.1185683558842507,0.12684996648492602,ETS_bHLH
ETV5_CLOCK,ETS_bHLH,0.17291372123379,0.355013562006447,0.119245549272955,0.369158022750381,0.24453692961444942,0.13689756448844415,0.10763936512600528,ETS_bHLH
ETV5_FIGLA,ETS_bHLH,0.15680607250011402,0.40128542213504403,0.145982162565436,0.379889973559574,0.21813979321493976,0.11666012594688425,0.10194785543034404,ETS_bHLH
ETV5_HES7,ETS_bHLH,0.280801913055418,0.329229494168296,0.18058620305363604,0.385863988047248,0.39711387385218944,0.1634299340904847,0.23368393976170485,ETS_bHLH
ETV5_HES7_2,ETS_bHLH,0.2323060214572389,0.40694346389991204,0.165017825435029,0.418144330658025,0.328530326200903,0.15058297128183076,0.17794735491907224,ETS_bHLH
ETV5_TCF3,ETS_bHLH,0.162518506112303,0.35417772680129106,0.11331860784397801,0.35924700451647296,0.22983587577011677,0.1182583649877605,0.11157751078235628,ETS_bHLH
ETV5_TCF3_2,ETS_bHLH,0.144593073926182,0.33475031036451297,0.113688031826668,0.35270064684086205,0.24527206665299878,0.14551751261977425,0.16394227118693894,ETS_bHLH
FLI1_BHLHA15,ETS_bHLH,0.359857786548421,0.43256612823988,0.317949286282313,0.407821323988478,0.5089157619173142,0.3523813051269831,0.15653445679033118,ETS_bHLH
FLI1_FIGLA,ETS_bHLH,0.309961502194834,0.40203559463233896,0.291070331353117,0.40527729832210996,0.2486231949941545,0.11458515282827762,0.3237666073629846,ETS_bHLH
FLI1_MAX,ETS_bHLH,0.38729354663044496,0.259614145697134,0.169916318204333,0.38798738493708795,0.5430397950439714,0.12031592956802055,0.4270428129727056,ETS_bHLH
FLI1_TCF3,ETS_bHLH,0.290274872946578,0.418694834755698,0.2040239402259381,0.34272158722816604,0.2799861755053286,0.1560304563617099,0.2544802062938022,ETS_bHLH
ELK1_TEF,ETS_bZIP,0.108962000411466,0.479099203105866,0.10944063340641999,0.477955764354401,0.15178958280950447,0.09626737411873833,0.0560634881480032,ETS_bZIP
ERF_CEBPD,ETS_bZIP,0.150014001933578,0.5104061752174099,0.14384727921827806,0.440657221844281,0.16589343937965853,0.11398041091315342,0.05926545496500241,ETS_bZIP
ETV2_CEBPD,ETS_bZIP,0.12591057457494698,0.46480125831914904,0.162426003456704,0.44774597253149895,0.17386428497288214,0.13037878660552213,0.04559789285864016,ETS_bZIP
ETV2_TEF,ETS_bZIP,0.10611848698256901,0.45938817798302395,0.118284553905889,0.47152793917256103,0.1504156976389528,0.09761788966801987,0.051757204949283986,ETS_bZIP
ETV2_TEF_2,ETS_bZIP,0.21291026522566397,0.37330763763006797,0.198808115666759,0.360580266202319,0.43629119127604465,0.22629865045166395,0.16468295338067454,ETS_bZIP
ETV5_CEBPD,ETS_bZIP,0.0953261212205219,0.424548270980746,0.0973762508753301,0.4246807037622221,0.13239925020294074,0.09702237257570943,0.036816538630487484,ETS_bZIP
FLI1_CEBPB,ETS_bZIP,0.200052827632118,0.474886496199424,0.239656069322052,0.47234623114193997,0.23666625062835317,0.1050620670719035,0.14057542336061668,ETS_bZIP
FLI1_CEBPD,ETS_bZIP,0.201975953631442,0.50008897463504,0.24496223023830802,0.488896919630285,0.22998575412224517,0.12294599458433908,0.12042784694009527,ETS_bZIP
ETV2_RFX5,ETS_RFX,0.1817778565315,0.424915940125145,0.22761517800108802,0.34480206468505503,0.306976737922082,0.2099783336372341,0.0525105273899463,ETS_RFX
ETV2_RFX5_2,ETS_RFX,0.1819106708898469,0.372023160847985,0.289845923354255,0.33318139393971896,0.2773761934875754,0.19291243692948604,0.10986183042114486,ETS_RFX
ETV2_RFX5_3,ETS_RFX,0.146839736532729,0.40172335125300496,0.17708687392402306,0.35003105843330395,0.19268506882828512,0.20592414100377826,-0.013239072175493137,ETS_RFX
ETV2_RFX5_4,ETS_RFX,0.13958676346312698,0.384376901041371,0.19362796855246106,0.36355712157014297,0.22941803598804433,0.1960670062953426,0.2415130786633733,ETS_RFX
ETV2_SOX15,ETS_SOX,0.21566740585740696,0.41079491471901597,0.21566740585740696,0.41079491471901597,0.4700457177555846,0.22395735172477668,0.08104241864583869,ETS_SOX
ETV2_SOX15_2,ETS_SOX,0.124448207743244,0.374880722311074,0.153847961744564,0.37004997254926203,0.3608862356582083,0.2259901973489455,0.03528997084662466,ETS_SOX
ETV2_SOX15_3,ETS_SOX,0.24413897274459306,0.36904278716462297,0.19496738674399106,0.35096075964907303,0.3535121748704829,0.3165455612025145,0.028718428031524405,ETS_SOX
ETV2_SOX15_4,ETS_SOX,0.170861132255194,0.398954776346296,0.170861132255194,0.398954776346296,0.25572255304229935,0.24238205965615425,0.023288932542927455,ETS_SOX
FOXJ2_ELF1,Fox_Ets,0.280021378901217,0.315143753242616,0.222219412773391,0.335451304214283,0.39601003184755307,0.25803785963704706,0.13797217221050598,Fox_ETS
FOXJ2_ELF1_2,Fox_Ets,0.35623388542894496,0.2727267433255069,0.295258790882657,0.317102778299805,0.4405601536389582,0.07274589739933858,0.2848435735621228,Fox_ETS
FOXJ3_ELF1,Fox_Ets,0.34664896824374,0.37521758152604,0.35209010386696205,0.351379936819904,0.39017271000096615,0.08876354246601498,0.29315661202342264,Fox_ETS
FOXO1_ELF1,Fox_Ets,0.306759406727268,0.309361764174155,0.28121879259304805,0.33948471501983196,0.5393927884254043,0.4032111019353963,0.018701319869618042,Fox_ETS
FOXO1_ELF1_2,Fox_Ets,0.5927304757369221,0.644514205811929,0.433135177646668,0.4605694851962971,0.4008993003260664,0.2636348322058568,0.2535168696009302,Fox_ETS
FOXO1_ELF1_3,Fox_Ets,0.242214615785494,0.374102919234767,0.20532793980611802,0.367336213617177,0.34254319561626534,0.2858709984594957,0.056672197156769626,Fox_ETS
FOXJ2_HOXB13,Fox_Homeo,0.204719766503718,0.390874327058262,0.17662554908683398,0.348298521244249,0.28951747034790687,0.11968208584453405,0.16983538450337282,Fox_Homeo
FOXJ2_HOXB13_2,Fox_Homeo,0.11796481808542099,0.35098186053842,0.0965575669246314,0.33181143057763,0.17442536036636572,0.19221834515176808,0.10895515199830813,Fox_Homeo
FOXJ2_HOXB13_3,Fox_Homeo,0.21159391146240905,0.359481650206568,0.201590143955025,0.345566030859283,0.2742805937454132,0.29033290382817944,0.09853298786108994,Fox_Homeo
FOXJ2_HOXB13_4,Fox_Homeo,0.165059380764235,0.34985590563344104,0.17710908634354,0.354172037611528,0.2631386294657969,0.1295348162958851,0.2283334187627356,Fox_Homeo
FOXJ2_PITX1,Fox_Homeo,0.20308530863542806,0.256815460343968,0.21293594711770106,0.297596987142005,0.2872059972343014,0.22100626294342607,0.06619973429087532,Fox_Homeo
FOXJ2_PITX1_2,Fox_Homeo,0.241991965235148,0.324619775819558,0.239796478286906,0.32616373968082896,0.2991253237979561,0.1999912295729981,0.2342472759806989,Fox_Homeo
FOXO1_HOXA10,Fox_Homeo,0.144746281566039,0.38715182193479203,0.164145250801826,0.327512234038677,0.20470215432669936,0.2405285138723471,-0.03582635954564775,Fox_Homeo
FOXO1_HOXB13,Fox_Homeo,0.244332805204977,0.32507316250731705,0.22342763417815198,0.327135362472656,0.5824367434151047,0.1644866292809028,0.34591124234319576,Fox_Homeo
FOXO1_HOXB13_2,Fox_Homeo,0.24098050249761704,0.369604124043526,0.234155627097205,0.355328388312258,0.5501563883867425,0.11594956551671662,0.21489629725259865,Fox_Homeo
FOXO1_HOXB13_3,Fox_Homeo,0.246267558024312,0.355807215957455,0.233479949813933,0.34234081546545403,0.6234944777126401,0.15642165916675585,0.3942120680089509,Fox_Homeo
FOXO1_ELK1,Fox_ETS,0.280569895708956,0.377685056152931,0.19940802734573201,0.33441768657396304,0.3952498766012764,0.14909071898699228,0.2472766699278406,Fox_ETS
FOXO1_ELK1_2,Fox_ETS,0.109420959046593,0.438658562176058,0.16663340864107,0.34723157826898104,0.3720177219426558,0.09618692447211613,0.33337182406046845,Fox_ETS
FOXO1_ELK1_3,Fox_ETS,0.18125405066209,0.403314937622643,0.187957145124542,0.366243752929008,0.27010205829627504,0.16929103970963438,0.1956529937476585,Fox_ETS
FOXO1_ELK3,Fox_ETS,0.132203284312823,0.377841645931681,0.143924123795841,0.34181251552028297,0.1857727841725316,0.10144110697949366,0.08397912334530612,Fox_ETS
FOXO1_ELK3_2,Fox_ETS,0.0900568704081814,0.45077271957218396,0.165984268320009,0.3561763706982771,0.3298202981236638,0.0914634501413437,0.3550291917041854,Fox_ETS
FOXO1_ETV1,Fox_ETS,0.14386235416250798,0.364946134755219,0.128623986358706,0.311733115607934,0.20243731161730383,0.09899753811382306,0.10356597051038408,Fox_ETS
FOXO1_ETV4,Fox_ETS,0.126320066336252,0.355883504440797,0.130575774488873,0.320522863573425,0.17949941406348258,0.08853769926751784,0.0899521029503956,Fox_ETS
FOXO1_ETV4_2,Fox_ETS,0.112459272540559,0.449156612120347,0.121363380099252,0.372341139879298,0.3068762111619248,0.13568929829486512,0.271212901090234,Fox_ETS
FOXO1_ETV7,Fox_ETS,0.23800446984718,0.29068298621674604,0.21904324059313893,0.305169761234921,0.33658914916163013,0.33206844901946125,0.0045207001421688755,Fox_ETS
FOXO1_FLI1,Fox_ETS,0.22769157802537,0.45438961500679204,0.275700946164711,0.40298753583466,0.3207959236958524,0.28644142679131795,0.034535145071913236,Fox_ETS
FOXO1_SPDEF,Fox_ETS,0.141203420507768,0.4051338045735179,0.13003289653422,0.36094443557471,0.1982134760333236,0.12295796108365475,0.07585302164016403,Fox_ETS
GCM1_CEBPB,GCM_bZIP,0.0945007096461441,0.45815521548262894,0.11310157004802901,0.45976274643768394,0.13052469096210578,0.07721319464807179,0.05334029161170219,GCM_bZIP
GCM1_CEBPB_2,GCM_bZIP,0.0816730230296399,0.41398784235804903,0.0991274578972147,0.42322209766137303,0.12672868411111915,0.09192667423965784,0.2624757946822762,GCM_bZIP
GCM1_CEBPB_3,GCM_bZIP,0.0830530934619192,0.43917833576313003,0.0932149869089193,0.441291745625678,0.11859201778112717,0.07924314045929973,0.0396000090295094,GCM_bZIP
GCM2_TEF,GCM_bZIP,0.14234243156560594,0.44444085111272497,0.131460336961298,0.4483972830482589,0.19658782286046436,0.14490690195511774,0.052391642836958574,GCM_bZIP
GCM1_ELK1,GCM_ETS,0.298287620813402,0.40224660668685497,0.256671762919816,0.36166821603400295,0.4218423987881312,0.4070767691385166,0.01476562964961464,GCM_ETS
GCM1_ELK1_2,GCM_ETS,0.13622696745441698,0.374480610710831,0.143372017113058,0.32986413787408697,0.2350810994383073,0.1041126576713968,0.2429012159052553,GCM_ETS
GCM1_ELK1_3,GCM_ETS,0.112444551339254,0.37487093375022396,0.16947122808639198,0.34470434121192,0.331866176938167,0.08936791576309809,0.33423465107451283,GCM_ETS
GCM1_ELK3,GCM_ETS,0.235467449496059,0.267756492493047,0.27013503372021,0.24907394146786202,0.33300126061287927,0.2200924866153323,0.11290877399754698,GCM_ETS
GCM1_ELK3_2,GCM_ETS,0.13825905210122,0.395062912515815,0.200597236708653,0.3419457845740139,0.31419411577203826,0.1125648724040172,0.22751788176913285,GCM_ETS
GCM1_ETV1,GCM_ETS,0.136953665187415,0.38470407887818797,0.19763573396388395,0.323479524001505,0.1936817306858207,0.15585851503998016,0.03782321564584053,GCM_ETS
GCM1_ETV4,GCM_ETS,0.115520030008315,0.416769606179656,0.1880053052599321,0.329705286391349,0.1637926512136216,0.13924082072928587,0.023935578895353214,GCM_ETS
GCM1_ETV7,GCM_ETS,0.24911377791885397,0.341951270438598,0.25238196156563897,0.324647279398117,0.45555927152665543,0.20324548691166894,0.16157703767923862,GCM_ETS
GCM1_ETV7_2,GCM_ETS,0.33753045242498,0.4158912808883739,0.291533397620318,0.35316792820965404,0.48436885356872456,0.2075710375873855,0.2216007930232584,GCM_ETS
GCM1_SPDEF,GCM_ETS,0.23089213897617,0.36432394759440295,0.23543565410015602,0.345972801625577,0.8249958870370724,0.22457950669452106,0.1854395036686433,GCM_ETS
GCM1_SPDEF_2,GCM_ETS,0.24893865458713396,0.35805432090359496,0.24695465261893998,0.33572151213870005,0.5776679116064456,0.2569200439946399,0.11822846612835848,GCM_ETS
GCM1_SPDEF_3,GCM_ETS,0.29426956485773303,0.38104914095118203,0.228659445734134,0.33354969795696,0.44482300319744605,0.2774310711239797,0.09337742550828954,GCM_ETS
GCM1_SPDEF_4,GCM_ETS,0.283472597913511,0.321698992412007,0.264649337999392,0.326296735509156,0.45377810372251437,0.2523348020090853,0.15687907324879394,GCM_ETS
GCM1_SPDEF_5,GCM_ETS,0.27092710537240194,0.33144640095927197,0.255626766362547,0.33334353598412103,0.5413082943363948,0.2373119474296823,0.15870584455246334,GCM_ETS
GCM2_ELK1,GCM_ETS,0.112573608232108,0.390807444445424,0.141761944047585,0.31653509288729703,0.15920312349782623,0.11969569628077598,0.03950742721705031,GCM_ETS
GCM1_FIGLA,GCM_bHLH,0.12300887244265199,0.41502012538803895,0.10476748390044804,0.4115650695654711,0.1698269967127932,0.10019334022279766,0.07213851330487636,GCM_bHLH
GCM1_FIGLA_10,GCM_bHLH,0.0770761763471912,0.366461978775034,0.0770761763471912,0.366461978775034,0.3025188527615393,0.09940966655484264,0.2944342275408058,GCM_bHLH
GCM1_FIGLA_2,GCM_bHLH,0.0528026763569463,0.336256030422154,0.0528026763569463,0.336256030422154,0.2721912172947944,0.08567427755214461,0.2583881839850263,GCM_bHLH
GCM1_FIGLA_3,GCM_bHLH,0.0768172007284641,0.346478858553192,0.0576206733680422,0.32965112610518604,0.26301024395639777,0.07875543537138299,0.23768342074682386,GCM_bHLH
GCM1_FIGLA_4,GCM_bHLH,0.0598071043032361,0.348827593409146,0.0640318153348972,0.355314765192815,0.28182460992455305,0.06284306012157402,0.31331758747437505,GCM_bHLH
GCM1_FIGLA_5,GCM_bHLH,0.0652181135183829,0.37459535605030797,0.0688968457192871,0.372816353171171,0.18757693074957785,0.0829598941680544,0.2236122082858067,GCM_bHLH
GCM1_FIGLA_6,GCM_bHLH,0.133631702805395,0.39442375157566795,0.155190082666574,0.361698235458382,0.25808684979595353,0.1426658799046666,0.2644638699752032,GCM_bHLH
GCM1_FIGLA_7,GCM_bHLH,0.10560309219513,0.33564211286192996,0.12412829576341301,0.347868796430576,0.3366377716345041,0.14807190635940648,0.2726774893224689,GCM_bHLH
GCM1_FIGLA_8,GCM_bHLH,0.10180453519489,0.342578862523213,0.103602501260709,0.34996087189776504,0.3090187129462946,0.1208624245092232,0.298474658623662,GCM_bHLH
GCM1_FIGLA_9,GCM_bHLH,0.0771660788119035,0.34293227001734194,0.0887892350367308,0.338493784454094,0.30705985041826767,0.09015495867780393,0.31426171854780194,GCM_bHLH
GCM1_MAX,GCM_bHLH,0.10393614797233501,0.361750346795225,0.116023457062302,0.341649541265024,0.14698791023619953,0.0967018868176784,0.05028602341852114,GCM_bHLH
GCM1_MAX_2,GCM_bHLH,0.120295167863327,0.319022431507109,0.13784586759978798,0.31294330106269,0.31521040747259466,0.14920058820565854,0.2338036101088272,GCM_bHLH
GCM1_MAX_3,GCM_bHLH,0.155019023949319,0.356872331981877,0.155019023949319,0.356872331981877,0.33277825299584873,0.0920855403118235,0.31761095713939924,GCM_bHLH
GCM1_MAX_4,GCM_bHLH,0.15153688621766598,0.36240349047512704,0.10703799447646101,0.34927360189542195,0.21430551970561326,0.09744636795738687,0.11685915174822638,GCM_bHLH
GCM1_MAX_5,GCM_bHLH,0.10265774163309101,0.321161877225742,0.10555235067254501,0.317592689741007,0.20329265528213764,0.11801286036284013,0.2529081384926284,GCM_bHLH
GCM1_MAX_6,GCM_bHLH,0.243070663779037,0.313609898572992,0.21944355285998896,0.32363106072618203,0.4573112912078082,0.10407679407168298,0.2431888306522853,GCM_bHLH
GCM1_NHLH1,GCM_bHLH,0.116504339162659,0.34022111727788595,0.136326186316945,0.37301966598909997,0.16476201645187566,0.13743321936162195,0.02732879709025371,GCM_bHLH
GCM1_NHLH1_2,GCM_bHLH,0.137863070179969,0.389548577144349,0.139113155667082,0.37541087849642,0.20699226503512558,0.13532102617214484,0.08277072327901686,GCM_bHLH
GCM2_FIGLA,GCM_bHLH,0.0952008176319307,0.377059014176803,0.0952008176319307,0.377059014176803,0.13463428761848878,0.1003676821455074,0.03426660547298138,GCM_bHLH
GCM2_FIGLA_2,GCM_bHLH,0.0995342840479526,0.36659563723089,0.0972795305332758,0.354180168336401,0.19634324691206095,0.11037488682003106,0.3023092962519871,GCM_bHLH
GCM2_HES7,GCM_bHLH,0.148873003812033,0.3790510045903821,0.148873003812033,0.3790510045903821,0.21051547559179645,0.1534458517585679,0.05708549879225847,GCM_bHLH
GCM2_MAX,GCM_bHLH,0.130466337349536,0.401842598688747,0.130466337349536,0.401842598688747,0.18415989023378806,0.17001964955559787,0.01440047022937685,GCM_bHLH
GCM1_FOXI1,GCM_Fox,0.17413152866786,0.266605922060268,0.181264013394357,0.321130494084527,0.2699320184501149,0.11413827535194945,0.13054828441487082,GCM_Fox
GCM1_FOXI1_2,GCM_Fox,0.098021285645806,0.383463089599397,0.141363598323943,0.379461101723423,0.36855737553791,0.04200931627295867,0.4103328230258412,GCM_Fox
GCM1_FOXI1_3,GCM_Fox,0.122732660026055,0.35614604788970394,0.14351580454052698,0.35759482798024,0.4136071185064876,0.09312182980857303,0.3261655235883684,GCM_Fox
GCM1_FOXI1_4,GCM_Fox,0.0994031967750148,0.399615046600989,0.153961241738113,0.33426926376614,0.17950202197528584,0.1211787209217808,0.19576492932602407,GCM_Fox
GCM1_FOXI1_5,GCM_Fox,0.14810732632642598,0.346333691095562,0.166159542746556,0.34175747421605995,0.199572463859065,0.1176847358662598,0.08451537303576387,GCM_Fox
GCM1_FOXO1,GCM_Fox,0.12093083022509199,0.39800754839221597,0.14493747407574498,0.35860758467431897,0.17179271513584352,0.1453483089096078,0.02540219110054304,GCM_Fox
GCM1_FOXO1_2,GCM_Fox,0.24935463300905306,0.29024802043659803,0.214799511385489,0.341485859658546,0.3509672580801719,0.1338098777402381,0.2176495463514012,GCM_Fox
GCM2_FOXI1,GCM_Fox,0.116530749996468,0.380605601142382,0.1905460531720589,0.33755578820264004,0.16654343777149713,0.08501387386724392,0.07810712307364949,GCM_Fox
GCM2_FOXI1_2,GCM_Fox,0.111013864277776,0.32197107521673496,0.18450938347789198,0.336778492248279,0.25143007185664995,0.11651096648434935,0.264735763563283,GCM_Fox
GCM1_HOXA13,GCM_Homeo,0.0940387641914932,0.388370599093334,0.08905912472247099,0.38547832102542495,0.1278617883438816,0.09532967065891028,0.035494334092706775,GCM_Homeo
GCM1_HOXA2,GCM_Homeo,0.11828953275382001,0.39264917810397,0.133706331483428,0.368244751729476,0.16311256055462914,0.15047620639635906,0.013674086935704322,GCM_Homeo
GCM1_HOXB13,GCM_Homeo,0.169268212595882,0.424291153985129,0.169268212595882,0.424291153985129,0.22340310144710296,0.1020518836028218,0.123503197143153,GCM_Homeo
GCM1_HOXB13_2,GCM_Homeo,0.21325043558150197,0.3687350381162371,0.19999699415625505,0.339065793186201,0.33135639593378946,0.16494791255274424,0.2034360533066353,GCM_Homeo
GCM1_HOXB13_3,GCM_Homeo,0.24601192270301,0.334697228329204,0.14987907876213002,0.370811590736628,0.3625484843894928,0.15657059139194668,0.21056012669344126,GCM_Homeo
GCM1_HOXB13_4,GCM_Homeo,0.11891397241009301,0.385536365351402,0.13678100231703502,0.363018665799601,0.16816975260593367,0.1111905863651582,0.056979166240775474,GCM_Homeo
GCM1_PITX1,GCM_Homeo,0.16075973895638598,0.31823050573214395,0.16075973895638598,0.31823050573214395,0.22734860311567492,0.14570758195903474,0.0816410211566401,GCM_Homeo
GCM1_PITX1_2,GCM_Homeo,0.0894532889118639,0.35319223511197,0.0894532889118639,0.35319223511197,0.13353300401192258,0.13163896123499969,0.17129726449427002,GCM_Homeo
GCM1_PITX1_3,GCM_Homeo,0.178398033860448,0.345084920504995,0.12007716491767804,0.35266355477766403,0.20129274729223354,0.1401618122630403,0.19648650777428867,GCM_Homeo
GCM2_DLX2,GCM_Homeo,0.0786210909302949,0.376326584792725,0.0786210909302949,0.376326584792725,0.11118701308675324,0.09930815365397284,0.011878859432780414,GCM_Homeo
GCM2_DLX3,GCM_Homeo,0.14671879911147198,0.319053490755919,0.0904253097865549,0.345624018971643,0.20749171553136475,0.08063103828514967,0.12686067724621508,GCM_Homeo
GCM2_DLX3_2,GCM_Homeo,0.0722875489927566,0.394992608648984,0.059821478352689014,0.35250771882139503,0.1331754944881981,0.07039334443890863,0.1949274587398173,GCM_Homeo
GCM2_DRGX,GCM_Homeo,0.12582893309407,0.37958602874624797,0.140057193814695,0.351093729838988,0.1779340833699177,0.07692005049366643,0.1010177350259088,GCM_Homeo
GCM2_DRGX_2,GCM_Homeo,0.13638560442390302,0.424047476371262,0.14570394475317405,0.383076800041665,0.21306096507008185,0.12139442140191956,0.1465985815756014,GCM_Homeo
GCM2_HOXA13,GCM_Homeo,0.14327189527579,0.34545066861831003,0.12661811414935306,0.3741949789397671,0.20482550678404504,0.17090712222379653,0.0305016630331017,GCM_Homeo
GCM2_PITX1,GCM_Homeo,0.0864639703551816,0.40581389560993797,0.0897571751321864,0.37900037044527,0.11695254293674488,0.08862512758276114,0.031873604133646566,GCM_Homeo
GCM2_PITX1_2,GCM_Homeo,0.13092944566314998,0.42373607639037103,0.140059954168191,0.403024341270977,0.21204234592242796,0.1483345151728109,0.16642110557106352,GCM_Homeo
GCM1_SOX2,GCM_SOX,0.227882609454435,0.330843234017666,0.253431371540373,0.299095313100953,0.32227467684394484,0.2705301149576024,0.051744561886342466,GCM_SOX
GCM2_SOX15,GCM_SOX,0.15777267889987698,0.370268590959704,0.15777267889987698,0.370268590959704,0.3458746381273585,0.2553430223105011,-0.032258133770387165,GCM_SOX
GCM2_SOX15_2,GCM_SOX,0.127523790928555,0.398204946069616,0.127523790928555,0.398204946069616,0.3845252268948708,0.270809197364886,0.0040951360178105856,GCM_SOX
GCM2_SOX15_3,GCM_SOX,0.14754602079866,0.370868767786053,0.208423552410733,0.39307883423170703,0.12989663539717614,0.11559583981343526,0.09719657730607882,GCM_SOX
GCM2_SOX15_4,GCM_SOX,0.138675368405023,0.358779863666272,0.138675368405023,0.358779863666272,0.196116586736993,0.12605694906508094,0.07005963767191206,GCM_SOX
GCM1_TBX21,GCM_Tbox,0.185503582771453,0.402495431969386,0.202392052598613,0.3677564389694,0.2543459324132467,0.15817737418490954,0.0996786668526177,GCM_Tbox
GCM1_TBX21_2,GCM_Tbox,0.189052228567025,0.319141388485673,0.167449030574769,0.314690714714244,0.4202034476088834,0.2365498296758097,0.12298407115483093,GCM_Tbox
GCM2_EOMES,GCM_Tbox,0.10927443130310198,0.443274475298065,0.116920011636096,0.379603562014177,0.15201930829285493,0.1580510539683836,-0.004123776249120997,GCM_Tbox
GCM2_TBX21,GCM_Tbox,0.172407901170533,0.387236512694256,0.19336989779287486,0.340831443778105,0.23065330195573053,0.15715751137773185,0.07392376477539214,GCM_Tbox
GCM2_TBX21_2,GCM_Tbox,0.17995641408525,0.398845731360196,0.20381534166460505,0.3804802499762,0.24568320538585348,0.22249022511627206,0.2309684712542689,GCM_Tbox
HOXA3_PAX5,Homeo_PAX,0.139220474808394,0.425934356054264,0.135911938516377,0.427524927653334,0.19683286263822644,0.12870364518624353,0.06701018849738621,Homeo_PAX
HOXB2_PAX1,Homeo_PAX,0.13357177123192598,0.443678377457472,0.179215028225427,0.414608445287145,0.19753699548479706,0.09051918371014267,0.08413124708129484,Homeo_PAX
HOXB2_PAX1_2,Homeo_PAX,0.11797780381250304,0.453112643713185,0.103216529505368,0.452486399373106,0.4050327180957351,0.0946214281003479,0.2219194970929546,Homeo_PAX
HOXB2_PAX5,Homeo_PAX,0.11851246001600099,0.40237424811605,0.13229422007201402,0.421476604434989,0.17874663342883126,0.1271066348389472,0.03895067373542155,Homeo_PAX
HOXB2_PAX5_2,Homeo_PAX,0.128423811578781,0.4132803427574071,0.11481424627427099,0.41357338775791397,0.4150789169938925,0.0784903807858496,0.2770079945629732,Homeo_PAX
HOXB2_PAX9,Homeo_PAX,0.126958237777703,0.453558264019743,0.101860326110297,0.472856849579299,0.16642688666248706,0.09762413420766886,0.0712849516070127,Homeo_PAX
HOXB2_PAX9_2,Homeo_PAX,0.125510277594535,0.48202882701424704,0.18239529832607296,0.467333161420646,0.35957362451981467,0.09944057628468184,0.2041177814764133,Homeo_PAX
HOXB13_ELK1,Homeo_ETS,0.16207149546411906,0.44871431807915396,0.177497820956482,0.48511201635533796,0.22403828206048584,0.15305284915919554,0.0719904963302847,Homeo_ETS
HOXB13_ETV1,Homeo_ETS,0.138741076849828,0.446187514348434,0.14808792806882098,0.433804688175928,0.19536943797065434,0.14892030807715542,0.046588228551460636,Homeo_ETS
HOXB2_ELK1,Homeo_ETS,0.10129074079271701,0.480315351679731,0.0918008594718435,0.442627136598683,0.13567008246649742,0.06204038648899397,0.07697982343833969,Homeo_ETS
HOXB2_ELK1_2,Homeo_ETS,0.127962334515765,0.475533789873755,0.0851969966923807,0.4528224851844729,0.21820575448679982,0.08846457232526536,0.2415986633990169,Homeo_ETS
HOXB2_ELK3,Homeo_ETS,0.196627439254698,0.41076649330504106,0.207797519051703,0.418071450092566,0.1997590738274609,0.10585495690280884,0.1722039561605394,Homeo_ETS
HOXB2_ELK3_2,Homeo_ETS,0.16719385908607598,0.4409219829929671,0.14150670547215302,0.405308030786884,0.22363252012710863,0.18939772029816945,0.09913320756729817,Homeo_ETS
HOXB2_ETV1,Homeo_ETS,0.163684210803041,0.349312064243212,0.15303640342984806,0.35334902582563105,0.2182850660263004,0.05962491997450914,0.1608491673882423,Homeo_ETS
HOXB2_ETV4,Homeo_ETS,0.14918864893741102,0.351216414759903,0.151296658292233,0.348294981690813,0.18237257911363847,0.0614191737418907,0.12334343087170567,Homeo_ETS
HOXB2_ETV7,Homeo_ETS,0.218966310431161,0.36295521582673496,0.19706009451726805,0.36177527588291897,0.3094296113346055,0.2701815068026183,0.03941446980464258,Homeo_ETS
HOXB2_ETV7_2,Homeo_ETS,0.12055161847288196,0.41856859626483595,0.11023267331735302,0.387378269844056,0.2377056731939391,0.13752602266726704,0.2253912097788129,Homeo_ETS
HOXB2_ETV7_3,Homeo_ETS,0.148330332050189,0.388861366692208,0.13774588754169598,0.387593438036969,0.24428181680671962,0.19376312082734048,0.15660342369508773,Homeo_ETS
HOXB2_SPDEF,Homeo_ETS,0.0847088280872886,0.423730080628633,0.0973774096241607,0.378396128734534,0.1176242609358776,0.15903664491614325,-0.040999459457854236,Homeo_ETS
HOXD12_ELK1,Homeo_ETS,0.156915839735619,0.476675516418095,0.198029629952952,0.4402289867886121,0.259502852539379,0.1707881259346336,0.05021960309554799,Homeo_ETS
HOXD12_ELK1_2,Homeo_ETS,0.145083036457565,0.480985169478133,0.164974608923406,0.490013389600232,0.2062985400322511,0.14305348248413274,0.06148991811135796,Homeo_ETS
HOXD12_ELK3,Homeo_ETS,0.166972691419707,0.345597663090904,0.103051030050699,0.39796382111695,0.23611611615257175,0.1050799282429672,0.1310501226025821,Homeo_ETS
HOXD12_ELK3_2,Homeo_ETS,0.134781270604452,0.462720093941845,0.123953571785981,0.463427296799027,0.24933216666254138,0.20835764765991396,0.15141909362632142,Homeo_ETS
HOXD12_ELK3_3,Homeo_ETS,0.168448429872569,0.47142991752028,0.183095781802234,0.45212955641053604,0.2726308061021238,0.19449424095247728,0.15970594553785353,Homeo_ETS
HOXD12_ETV1,Homeo_ETS,0.131257237426547,0.465097822702179,0.158493756748404,0.435999863982707,0.18602412731444337,0.11163992823502042,0.07147649747235643,Homeo_ETS
HOXD12_ETV1_2,Homeo_ETS,0.175756485825697,0.45401916447958,0.19591578141515809,0.457392418119247,0.24961113964865048,0.12364205348097235,0.12466426001123652,Homeo_ETS
HOXD12_ETV4,Homeo_ETS,0.15572761986904501,0.4409946524601621,0.1897320507463,0.412254171915034,0.22075966789455692,0.14963061438255046,0.07048938372356375,Homeo_ETS
HOXD12_ETV4_2,Homeo_ETS,0.163369860059841,0.45714523923999706,0.184635191812171,0.449004256527817,0.23217861076359655,0.14803099574661596,0.08278102403249912,Homeo_ETS
HOXB2_ELF1,Homeo_Ets,0.216198803270883,0.37808105090461797,0.22437189931336105,0.379044396327118,0.2567450231385712,0.1570927761863317,0.14865850355409696,Homeo_ETS
HOXB2_ELF1_2,Homeo_Ets,0.14995275638261302,0.352417189039289,0.166284136779904,0.319383375471068,0.23899739815443158,0.0710610546243089,0.2816050569396547,Homeo_ETS
HOXB2_ELF1_3,Homeo_Ets,0.145569893602706,0.339523950268057,0.154395183652758,0.325491418705367,0.2605932298775646,0.09102122744617128,0.29912566403008617,Homeo_ETS
HOXB2_ELF1_4,Homeo_Ets,0.13108698202188301,0.35023996637350896,0.179562153832831,0.37713484282441706,0.2220873965364003,0.12772012251042986,0.16820757721947893,Homeo_ETS
HOXB2_ELF1_5,Homeo_Ets,0.0964210658387071,0.3715803016405769,0.14565003112103606,0.375557822584584,0.26353305279598327,0.12481592432521205,0.18466768203654405,Homeo_ETS
HOXB2_HOXB13,Homeo_Homeo,0.16079791820397002,0.349322114135328,0.17611943125310894,0.32777796598709696,0.2270800831223786,0.2275266394958217,-0.0001612477992216088,Homeo_Homeo
HOXB2_HOXB13_2,Homeo_Homeo,0.198733802409608,0.372683613735865,0.16250204071643098,0.393414273045521,0.23919498849517254,0.16876958639680856,0.1919365761325174,Homeo_Homeo
HOXB2_HOXB13_3,Homeo_Homeo,0.180734922573311,0.4222209850886,0.193810976146844,0.359852774875728,0.2802540888703274,0.2344224597407797,0.14292735412369426,Homeo_Homeo
HOXB2_PITX1,Homeo_Homeo,0.110885862691116,0.339941855133989,0.128453202484091,0.314898499981733,0.1568162908535926,0.12392642340689546,0.03288986744669718,Homeo_Homeo
HOXB2_PITX1_2,Homeo_Homeo,0.0820445539223428,0.35155334109474706,0.0857451340203308,0.320614898327461,0.12259407480340574,0.11809065576597448,0.18674208467348224,Homeo_Homeo
HOXB2_PITX1_3,Homeo_Homeo,0.0960670140281972,0.35543268564291297,0.08589860534804801,0.33186358993106,0.1412697572862009,0.1041600845132577,0.2461717775846013,Homeo_Homeo
HOXB2_PITX1_4,Homeo_Homeo,0.0898583239687916,0.351693018205831,0.11571606822756199,0.312893333856737,0.1367029209305277,0.1080485821867451,0.2004028487378323,Homeo_Homeo
HOXD12_HOXA3,Homeo_Homeo,0.157131557214068,0.393317673160197,0.156676295499721,0.3578074606530189,0.21513675933092719,0.1654530560549829,0.05432661964353119,Homeo_Homeo
HOXD12_HOXA3_2,Homeo_Homeo,0.169986509459714,0.391912994941804,0.16849959228521302,0.356946047906549,0.26994084219241277,0.1563370219672738,0.2534335567885689,Homeo_Homeo
MEIS1_HOXB13,Homeo_Homeo,0.15424638874416002,0.43009525081099803,0.157813334859496,0.38189188985581896,0.21813733487353526,0.1440771484189002,0.07406018645463505,Homeo_Homeo
PITX1_HOXA3,Homeo_Homeo,0.10784340919052199,0.375700365160669,0.0957566266165708,0.34204983934026195,0.1525136119562627,0.13623132785694705,0.016282284099315675,Homeo_Homeo
HOXB2_NHLH1,Homeo_bHLH,0.220131524777462,0.318845729729647,0.17193353328644198,0.33581969726913696,0.31131298775734045,0.2083849542104268,0.10292803354691367,Homeo_bHLH
HOXB2_NHLH1_2,Homeo_bHLH,0.17497600298403798,0.349830266308204,0.16419408088397594,0.34082310310948305,0.262372399391361,0.14889611572262848,0.20936276313330826,Homeo_bHLH
HOXB2_NHLH1_3,Homeo_bHLH,0.221177944204983,0.323315379644703,0.170329835949814,0.34752503752623903,0.3456023498314481,0.17352655579923038,0.28366812618284554,Homeo_bHLH
HOXB2_TCF3,Homeo_bHLH,0.134299769436429,0.3921472526483541,0.12261033247492001,0.377541790637889,0.18992855536225495,0.11576679980124775,0.0741617555610072,Homeo_bHLH
HOXB2_TCF3_2,Homeo_bHLH,0.13254741260873,0.3890590764900871,0.105806942713824,0.383567512317836,0.18745034853648937,0.09138450467751956,0.09606584385896982,Homeo_bHLH
HOXD12_FIGLA,Homeo_bHLH,0.14888545231151,0.361246440336332,0.140169012805194,0.373871609212994,0.21055582590133176,0.19156219431751528,0.018993631583816502,Homeo_bHLH
PITX1_FIGLA,Homeo_bHLH,0.11399638034282596,0.3968004290803661,0.123443003883009,0.35786316828721004,0.16121522699256022,0.13528333080374194,0.02593189618881828,Homeo_bHLH
PITX1_HES7,Homeo_bHLH,0.21195248016854998,0.376488089790009,0.193778186261466,0.34878514773253805,0.2880244156047595,0.15267372979101915,0.14170041683716433,Homeo_bHLH
PITX1_HES7_2,Homeo_bHLH,0.23053619068337305,0.376851555102873,0.194119543873392,0.363841816136075,0.344913960654427,0.15374725211990733,0.21289858278003007,Homeo_bHLH
PITX1_HES7_3,Homeo_bHLH,0.184773058703246,0.366513319806865,0.149769489382452,0.352621402939055,0.2801179141749577,0.1564904329111601,0.2069367366226102,Homeo_bHLH
HOXB2_SOX15,Homeo_SOX,0.173093859482073,0.3298009514315869,0.18408739076369,0.336048278876601,0.5103057506709006,0.26772070794805697,0.20980789289547466,Homeo_SOX
HOXB2_SOX15_2,Homeo_SOX,0.171731709728105,0.319136538898501,0.17296235205659,0.33372908146880204,0.5719640827105182,0.2146358100859595,0.3180251998077494,Homeo_SOX
HOXB2_SOX15_3,Homeo_SOX,0.14090953699868802,0.335760226563003,0.14090953699868802,0.335760226563003,0.4854889759728649,0.3158317950561987,0.1124998227014986,Homeo_SOX
HOXB2_SOX15_4,Homeo_SOX,0.141006270937263,0.34764211501350106,0.141006270937263,0.34764211501350106,0.5146259191797659,0.11755423229302656,0.13952768217312206,Homeo_SOX
HOXB2_SOX15_5,Homeo_SOX,0.0995782311569369,0.3562007023833461,0.0995782311569369,0.3562007023833461,0.34023797641522485,0.10848216920061547,0.15032173239735924,Homeo_SOX
MEIS1_DLX2,HomeoMEIS_Homeo,0.0831558724328404,0.335703815259602,0.13391383631989698,0.318867032379604,0.1176001625486341,0.13623465670750887,-0.01863449415887476,HomeoMEIS_Homeo
MEIS1_DLX3,HomeoMEIS_Homeo,0.11777039399363,0.338171468031904,0.197510198346043,0.29946480954674,0.1665524884368789,0.14270144480169367,0.023851043635185226,HomeoMEIS_Homeo
MEIS1_DRGX,HomeoMEIS_Homeo,0.18062236610260501,0.44570912025585396,0.19805435257908602,0.38139797614145504,0.2554385995113915,0.2186227381040035,0.03681586140738791,HomeoMEIS_Homeo
MEIS1_DRGX_2,HomeoMEIS_Homeo,0.39904077186389403,0.504156593426432,0.276458964241766,0.293880058540648,0.454476099893937,0.3436721698947706,0.09761886206200647,HomeoMEIS_Homeo
MEIS1_EVX1,HomeoMEIS_Homeo,0.21816148768187504,0.315125151631935,0.247587885112709,0.315663363536904,0.30852693454739455,0.314305371361105,-0.0057784368137104285,HomeoMEIS_Homeo
MEIS1_HOXA13,HomeoMEIS_Homeo,0.18699233172000304,0.33144146543857,0.18699233172000304,0.33144146543857,0.2646519884299418,0.18591253433763785,0.07842057509299849,HomeoMEIS_Homeo
MGA_DLX2,TBX_Homeo,0.15719846948575,0.403822202374575,0.18863953368974998,0.4107207998934061,0.22231220746450028,0.1099262872931359,0.1123859201713644,TBX_Homeo
MGA_DLX2_2,TBX_Homeo,0.111833834429681,0.39987605966253703,0.12100389822525,0.40415319669398303,0.29465123878078064,0.1966346338231332,0.1964628832466352,TBX_Homeo
MGA_DLX3,TBX_Homeo,0.145634824882067,0.4100928712751479,0.173440480058382,0.432060321461764,0.20595874449626791,0.10898103660170286,0.09697770789456504,TBX_Homeo
MGA_DLX3_2,TBX_Homeo,0.127209973006682,0.40217882923542403,0.13029266169710302,0.38893021962867297,0.3236254180823722,0.185852723258405,0.19877921493197268,TBX_Homeo
MGA_EVX1,TBX_Homeo,0.153276317111431,0.411702621576901,0.147196146577785,0.444120881289753,0.21676544638197418,0.14349701882846042,0.07326842755351376,TBX_Homeo
MGA_EVX1_2,TBX_Homeo,0.256745679725751,0.428505717967739,0.253883667166716,0.367337784868272,0.39119447436006627,0.2270138900605788,0.1256972054265288,TBX_Homeo
MGA_PITX1,TBX_Homeo,0.111145545270899,0.432702061167814,0.16135044535909301,0.42076320824581803,0.15713816371374884,0.15785782149419542,-0.0019050700050774198,TBX_Homeo
MYBL1_FIGLA,MYB_bHLH,0.136974202929745,0.36073867210384897,0.125050394269628,0.358018080234479,0.19360357143370835,0.0722543881031405,0.12139986417824836,MYB_bHLH
MYBL1_FIGLA_2,MYB_bHLH,0.14380407954389499,0.33571846945606104,0.12192053787284501,0.341565209839459,0.22383619910923258,0.07461956347767837,0.23985681195976905,MYB_bHLH
MYBL1_FIGLA_3,MYB_bHLH,0.0955348736380982,0.369525900068212,0.0950171321760036,0.366025607444932,0.16166134078088998,0.09592233082180758,0.2379229223177177,MYB_bHLH
MYBL1_FIGLA_4,MYB_bHLH,0.169741872483786,0.3119198437543689,0.15850429767293694,0.318339633774078,0.2705907533662775,0.14886181190135367,0.2256656814647601,MYB_bHLH
MYBL1_FIGLA_5,MYB_bHLH,0.134761133817512,0.3292092346889289,0.11333064092672801,0.3233850762502949,0.20281699868530872,0.10383226116803854,0.11321263939743925,MYB_bHLH
MYBL1_MAX,MYB_bHLH,0.13263198200098802,0.35195459846660704,0.122623929439374,0.344430998163507,0.18657674176340755,0.09919115271277708,0.08814430760687886,MYB_bHLH
MYBL1_MAX_2,MYB_bHLH,0.100764925600107,0.36807421432868703,0.10333985982484101,0.3632490290100801,0.2095627945514152,0.10363798760968687,0.2336831611631656,MYB_bHLH
MYBL1_MAX_3,MYB_bHLH,0.110350973410988,0.3692704967339121,0.114973737459834,0.3585786857298621,0.26900493571165174,0.08786257743881287,0.2514042244122424,MYB_bHLH
POU2F1_DLX2,HomeoPOU_Homeo,0.32256420694806703,0.34369290861301505,0.287731957300126,0.35818157987962296,0.4561746761292239,0.3556070990599397,0.1005675770692842,HomeoPOU_Homeo
POU2F1_DLX2_2,HomeoPOU_Homeo,0.27320536324987804,0.39966209167705896,0.264729933763732,0.3752138764239261,0.43191987432151885,0.3803791598459866,0.0319811201223813,HomeoPOU_Homeo
POU2F1_DLX2_3,HomeoPOU_Homeo,0.23078539790626296,0.27311064761521603,0.221597656355233,0.328391089377855,0.43784506038881676,0.3407875275149919,0.11134618352113657,HomeoPOU_Homeo
POU2F1_HOXB13,HomeoPOU_Homeo,0.332400524228769,0.4661507707017321,0.23814017904264004,0.4127506794438761,0.4516678482181899,0.3264431504088295,0.13175160132720615,HomeoPOU_Homeo
POU2F1_ELK1,HomeoPOU_ETS,0.107801947487157,0.4302583311333569,0.134895139433408,0.43171064649588203,0.14235743524556274,0.1147980214188444,0.02894658997250092,HomeoPOU_ETS
POU2F1_ELK1_2,HomeoPOU_ETS,0.134586114480171,0.45764951225634903,0.302548479808331,0.43944200537475103,0.17899798315623908,0.14403777419153824,0.038009351394160514,HomeoPOU_ETS
POU2F1_ETV4,HomeoPOU_ETS,0.0464196849120049,0.43689002164147495,0.267553950298313,0.438551795215289,0.06501806051631345,0.07051368398878663,-0.00545589861190382,HomeoPOU_ETS
POU2F1_ETV4_2,HomeoPOU_ETS,0.12259477384756699,0.38645230201979497,0.19608083834079887,0.354773075232447,0.16409523901744547,0.065593402402545,0.09807917433864173,HomeoPOU_ETS
POU2F1_EOMES,HomeoPOU_Tbox,0.295023695365146,0.349021202282865,0.268224912218456,0.334473349526783,0.2529877012617616,0.12132884346097395,0.2258248816277645,HomeoPOU_Tbox
POU2F1_EOMES_2,HomeoPOU_Tbox,0.22870940853722305,0.305007620101229,0.222468150473369,0.31567505462941603,0.3404734874972779,0.21534445140129133,0.10809949599885577,HomeoPOU_Tbox
POU2F1_EOMES_3,HomeoPOU_Tbox,0.37929452825096704,0.380713474857549,0.30731685025525896,0.39804507636694203,0.5339034068711538,0.2353515858543153,0.2798154123825309,HomeoPOU_Tbox
POU2F1_EOMES_4,HomeoPOU_Tbox,0.306630738115526,0.333324192335346,0.22303034489162696,0.34971367712448903,0.37206561111772923,0.10058742950437087,0.17681942406787166,HomeoPOU_Tbox
POU2F1_EOMES_5,HomeoPOU_Tbox,0.226366496906964,0.32006158572662,0.23343677079459,0.284649693632433,0.3034742561446292,0.2744294868259969,0.07000550482851564,HomeoPOU_Tbox
POU2F1_SOX15,HomeoPOU_SOX,0.0523092362512283,0.279831709962551,0.0523092362512283,0.279831709962551,0.0737623878046149,0.08055758103483418,-0.007493175088137557,HomeoPOU_SOX
POU2F1_SOX15_2,HomeoPOU_SOX,0.0782953980975674,0.292382993193135,0.23696813870786101,0.215576915413603,0.10711228912309469,0.08385472414175525,0.02567767197727069,HomeoPOU_SOX
POU2F1_SOX15_3,HomeoPOU_SOX,0.187291953780512,0.27550384811426004,0.187291953780512,0.27550384811426004,0.26487330403160353,0.1327099498907403,0.13215262278934314,HomeoPOU_SOX
POU2F1_SOX2,HomeoPOU_SOX,0.172456626066318,0.40512757721987,0.178003573269677,0.374630237168046,0.397022093810208,0.09522760969338197,0.14515557450190486,HomeoPOU_SOX
POU2F1_SOX2_2,HomeoPOU_SOX,0.134891152014027,0.391966173977713,0.134891152014027,0.391966173977713,0.40166746636512335,0.13062404455245505,0.06014085206592705,HomeoPOU_SOX
RFX3_BHLHA15,RFX_bHLH,0.116639716187464,0.350042186540763,0.184286826865814,0.349180738346364,0.1649534684634624,0.1640252224839526,0.0009282459795097733,RFX_bHLH
RFX3_FIGLA,RFX_bHLH,0.277641853864145,0.372617026258751,0.20716334119836396,0.328451955372595,0.38670874904108393,0.3595600772724037,0.027148671768680244,RFX_bHLH
RFX3_FIGLA_2,RFX_bHLH,0.24948180733868397,0.345469028711916,0.24948180733868397,0.345469028711916,0.34984759258306614,0.3688877312913037,-0.032523764636441965,RFX_bHLH
RFX3_HES7,RFX_bHLH,0.175428285958755,0.4364657977818879,0.175428285958755,0.4364657977818879,0.24337445824538229,0.15825058971418698,0.08684642070961203,RFX_bHLH
RFX3_SREBF2,RFX_bHLH,0.14656977389844505,0.357015899416535,0.14656977389844505,0.357015899416535,0.2068112870348532,0.15394810050650548,0.05313065072324638,RFX_bHLH
TEAD4_ALX4,TEA_Homeo,0.13318787209263,0.38792405719774603,0.19463627234317002,0.36759235131528495,0.295925834749934,0.32774084743086085,-0.13971208699951085,TEA_Homeo
TEAD4_ALX4_2,TEA_Homeo,0.120199575284239,0.38875191496189504,0.135797543108602,0.36299716963985706,0.18915001389683767,0.1456269057983203,0.22057133316197425,TEA_Homeo
TEAD4_DLX2,TEA_Homeo,0.0881400658161095,0.36616740185655994,0.0903135923999988,0.34508721913033397,0.12464887636688976,0.11631173073961007,0.008337145627279677,TEA_Homeo
TEAD4_DLX2_2,TEA_Homeo,0.106037654575796,0.358877230366337,0.10735248696921401,0.33185157586703,0.16651532237634425,0.11087731932863516,0.18435151497073304,TEA_Homeo
TEAD4_DLX2_3,TEA_Homeo,0.0865968230989655,0.353404789806076,0.102507096149974,0.3282177616973,0.14419406627678508,0.11720909097745087,0.17785399406272615,TEA_Homeo
TEAD4_DLX2_4,TEA_Homeo,0.12118931896939,0.35771551246235,0.11688189210651402,0.32667714334140596,0.19942107463257774,0.11803988018499273,0.29424015245110585,TEA_Homeo
TEAD4_DLX2_5,TEA_Homeo,0.0834795466592335,0.343954464079111,0.151019683680471,0.308462798362372,0.1233815404590523,0.09912951691862222,0.028817977195340724,TEA_Homeo
TEAD4_DLX2_6,TEA_Homeo,0.11460983420811399,0.34424158465077104,0.107188954249336,0.331248097763971,0.16208278203679835,0.09829257132673724,0.06379021071006112,TEA_Homeo
TEAD4_DLX3,TEA_Homeo,0.10258370115588901,0.36277661945928497,0.100426905222033,0.34286481599851804,0.14507526145682598,0.06992638945744863,0.07514887199937732,TEA_Homeo
TEAD4_DLX3_2,TEA_Homeo,0.0868120215343062,0.3629377885114369,0.0998762589190547,0.343329403380633,0.13402284911363135,0.055255149861434164,0.08329836190138187,TEA_Homeo
TEAD4_DLX3_3,TEA_Homeo,0.117489759219048,0.3427626328152181,0.133130240444878,0.334608996908727,0.15354678904127708,0.0810418413836812,0.17734296677823236,TEA_Homeo
TEAD4_DLX3_4,TEA_Homeo,0.0832869119663329,0.36388331561341203,0.12281002697423199,0.34374009887456397,0.11792618345282614,0.10105207789411344,0.01651340503887963,TEA_Homeo
TEAD4_DRGX,TEA_Homeo,0.18184200878298998,0.355460773078369,0.175610813275141,0.384220986726541,0.25716343498463173,0.15361334115995104,0.1035500938246807,TEA_Homeo
TEAD4_DRGX_2,TEA_Homeo,0.219314048564923,0.377898521433497,0.19650162145312905,0.37178411704442704,0.31026506827445693,0.12505857592942726,0.1849521917981439,TEA_Homeo
TEAD4_HOXA2,TEA_Homeo,0.0797468403910899,0.36968585624909994,0.10624256935220099,0.3434749952856789,0.11277906323454553,0.0453858036087404,0.06739325962580514,TEA_Homeo
TEAD4_HOXA2_2,TEA_Homeo,0.10507804891497198,0.361976227789348,0.160913677560431,0.344732877389047,0.14860280180424296,0.08360868930156615,0.06499411250267681,TEA_Homeo
TEAD4_HOXA3,TEA_Homeo,0.0952491732639303,0.350310789548406,0.111233570618893,0.350326109443871,0.13470267263592456,0.07458802515660594,0.06011464747931865,TEA_Homeo
TEAD4_HOXA3_2,TEA_Homeo,0.113092138762739,0.398256159092469,0.164513460059935,0.379601591693289,0.15832710818518,0.09924011032635743,0.05919065531768356,TEA_Homeo
TEAD4_HOXB13,TEA_Homeo,0.13140017695989198,0.39638414879685,0.152333628062189,0.344115806533906,0.17851335575070088,0.11822265167113255,0.06493612996922629,TEA_Homeo
TEAD4_HOXB13_2,TEA_Homeo,0.284102628871261,0.369388334132234,0.26491156328182996,0.35807722355246296,0.34298491195841974,0.21959475902282627,0.12307466361950466,TEA_Homeo
TEAD4_HOXB13_3,TEA_Homeo,0.15540778821809198,0.43913345584241,0.12076758469164599,0.394927766063025,0.3126944743925356,0.09650907185755704,0.3094682664712513,TEA_Homeo
TEAD4_HOXB13_4,TEA_Homeo,0.35080415723475106,0.381501871922909,0.33271334294265803,0.38265495610217,0.6889716570848468,0.3202691700989591,0.2710523365694961,TEA_Homeo
TEAD4_HOXB13_5,TEA_Homeo,0.17205242278605498,0.36402169128113204,0.11262128901935499,0.373196760496262,0.2349470035788743,0.07781079463061784,0.30519381364949777,TEA_Homeo
TEAD4_HOXB13_6,TEA_Homeo,0.23235135188925501,0.3813489363749939,0.159563791807045,0.34595164292540403,0.31853674065157556,0.13068654989418851,0.1944265318059996,TEA_Homeo
TEAD4_PITX1,TEA_Homeo,0.159903644303375,0.32990123915301,0.18097035066658804,0.34019686840988106,0.22613790243087215,0.14395197217170122,0.08218593025917087,TEA_Homeo
TEAD4_PITX1_2,TEA_Homeo,0.105395614296111,0.394610306095833,0.0978081642554602,0.36757615884262396,0.14719672677373125,0.14739511726267435,0.006350236366120586,TEA_Homeo
TEAD4_PITX1_3,TEA_Homeo,0.0909124207211735,0.35719975993312203,0.106814544290445,0.31966343804854197,0.15381136825846212,0.08741163872237515,0.308806909224315,TEA_Homeo
TEAD4_PITX1_4,TEA_Homeo,0.0991196430329263,0.37779985813024,0.125016042330986,0.354826824984601,0.19301862348344115,0.09541920817016328,0.10102097991746063,TEA_Homeo
TEAD4_PITX1_5,TEA_Homeo,0.0956196088631881,0.3801911078809501,0.133358504036377,0.341404280695123,0.20130380991210173,0.09920182704045097,0.21571767704317726,TEA_Homeo
TEAD4_CEBPB,TEA_bZIP,0.0934412545219948,0.39025366176953596,0.0930082037790294,0.390080048813219,0.1288518405513798,0.1074177937411282,0.021875549620305933,TEA_bZIP
TEAD4_CEBPD,TEA_bZIP,0.146541352168594,0.382651157730048,0.13662477375219098,0.3799217373470489,0.20597124433362968,0.19165142277180788,0.01433350161445898,TEA_bZIP
TEAD4_CEBPD_2,TEA_bZIP,0.0688981845648795,0.336472401072711,0.0853395078349451,0.330890496178801,0.15426202398052297,0.1000932348893733,0.2663721911436243,TEA_bZIP
TEAD4_CEBPD_3,TEA_bZIP,0.070174150067935,0.401619345818261,0.0757681662690165,0.4062904777090821,0.10856049216890605,0.0901766819635164,0.2566024681147009,TEA_bZIP
TEAD4_CEBPD_4,TEA_bZIP,0.0613457550283241,0.4009411906712461,0.0683265810742182,0.399483462457207,0.09482941964046891,0.07906990296385284,0.2834320073378041,TEA_bZIP
TEAD4_CLOCK,TEA_bHLH,0.121864650974411,0.34838624674299395,0.115864815456995,0.33293112867702196,0.1723155239686183,0.16572333549602558,0.006594641486111302,TEA_bHLH
TEAD4_CLOCK_2,TEA_bHLH,0.11375435171372195,0.340058644053026,0.10463154846332301,0.34374375333071394,0.17048831336430265,0.0724292643589311,0.10538959125737618,TEA_bHLH
TEAD4_CLOCK_3,TEA_bHLH,0.110381376576466,0.35532580916159706,0.111633077650328,0.35468153664205604,0.15610283977722347,0.12994164847308107,0.02616119130414241,TEA_bHLH
TEAD4_CLOCK_4,TEA_bHLH,0.11620213814679901,0.34600061933274395,0.118420436892449,0.344426653017815,0.1747838998294542,0.10169248133378464,0.08127660319964201,TEA_bHLH
TEAD4_FIGLA,TEA_bHLH,0.124192946325156,0.3934039019559629,0.13230406937157801,0.389625241208978,0.17504541046017208,0.07608001168681572,0.09878851923048862,TEA_bHLH
TEAD4_FIGLA_2,TEA_bHLH,0.154173649664551,0.374616178976884,0.12222709194489999,0.37980261746616495,0.21803446631236742,0.0727686523596961,0.14526581395267132,TEA_bHLH
TEAD4_FIGLA_3,TEA_bHLH,0.17310345902811594,0.295322045699346,0.167038976935713,0.313040770592507,0.39863435364904515,0.17616314379379314,0.16771887166606994,TEA_bHLH
TEAD4_HES7,TEA_bHLH,0.131832316565705,0.374650625719549,0.162667373976742,0.4076259545469461,0.18595345636522864,0.0872871803595683,0.09904647542436623,TEA_bHLH
TEAD4_HES7_2,TEA_bHLH,0.13314924239930698,0.3569404814062171,0.143901434840144,0.37640880843020297,0.21519089846540237,0.0997475795533206,0.18946857781739773,TEA_bHLH
TEAD4_HES7_3,TEA_bHLH,0.173469598686495,0.385474518432038,0.170402630690029,0.4105285880364,0.29558386060502717,0.1139559230913732,0.3455308987919305,TEA_bHLH
TEAD4_HES7_4,TEA_bHLH,0.160306343816172,0.336985135692005,0.16121223456497,0.353601338034551,0.22659587452574234,0.1404261133612503,0.08623400004245646,TEA_bHLH
TEAD4_MAX,TEA_bHLH,0.148034897046784,0.34279893387550103,0.137262221337419,0.36677355019037,0.20935295911088092,0.07927682361306243,0.1300761354978185,TEA_bHLH
TEAD4_MAX_2,TEA_bHLH,0.115189592789276,0.34427426815655104,0.103393725256995,0.347610354749784,0.21997060320995396,0.07291127705447145,0.28986350529493954,TEA_bHLH
TEAD4_MAX_3,TEA_bHLH,0.0839451523207119,0.37006704393945,0.0765630041656683,0.351359651784605,0.16723274757538636,0.06266180889172032,0.2794356007492771,TEA_bHLH
TEAD4_TCF3,TEA_bHLH,0.12312659100199301,0.35400834932456104,0.11888384635610699,0.34253507957670304,0.17343060202749927,0.1396561889940624,0.032375508594046865,TEA_bHLH
TEAD4_ELK1,bHLH_ETS,0.2428681473183649,0.354268130568801,0.26932329661196003,0.306132724736512,0.34346742780389505,0.3232251406345516,0.020242287169343454,ETS_bHLH
TEAD4_ELK1_2,bHLH_ETS,0.129159499313427,0.39548054177229,0.21750595358982,0.29092768625854,0.3197807251619472,0.10870886331140364,0.3429261232630527,ETS_bHLH
TEAD4_ELK1_3,bHLH_ETS,0.22785438664792002,0.315837836034485,0.167617340824632,0.303281695496023,0.31113059596232207,0.17177426844926594,0.1562679606576615,ETS_bHLH
TEAD4_ELK1_4,bHLH_ETS,0.21896588164623887,0.3175008417256189,0.191889608452871,0.330254927261856,0.4188638894138342,0.1227157110245515,0.3848486454811499,ETS_bHLH
TFAP4_ETV1,bHLH_ETS,0.159164303690756,0.44459927517604103,0.17447729127712,0.415443812009675,0.21300056641732915,0.08503713211126622,0.1316686468920364,ETS_bHLH
TFAP4_ETV4,bHLH_ETS,0.162647917104932,0.462803459984079,0.17246339714096806,0.41669083997114703,0.20962262225135775,0.10458594928054546,0.11211275448566567,ETS_bHLH
TFAP4_FLI1,bHLH_ETS,0.27997744274437103,0.430095780055978,0.277151335762065,0.426488958385375,0.39594789661736596,0.3337863611504328,0.06216153546693315,ETS_bHLH
TEAD4_ELK3,TEA_ETS,0.145624939077517,0.3591179967747779,0.13496214644523,0.3593030736763789,0.2059447637525924,0.16674821742928514,0.03919654632330724,TEA_ETS
TEAD4_ERG,TEA_ETS,0.13336413548649198,0.3854474465211911,0.132312924424208,0.40240492870085,0.18895817506454368,0.04250276731975893,0.14489686490379752,TEA_ETS
TEAD4_ERG_2,TEA_ETS,0.145109481771559,0.379676543166435,0.13929517600604902,0.37378079113032103,0.2696515814368268,0.2461212087597805,0.08094465246226037,TEA_ETS
TEAD4_ERG_3,TEA_ETS,0.13996673436829002,0.3564761948613329,0.14807353585215802,0.39246522414418494,0.19707611915246165,0.07508494086855698,0.12247789958912335,TEA_ETS
TEAD4_ETV1,TEA_ETS,0.159202303377246,0.40996749750663103,0.12589928439713602,0.37508369781396395,0.21643544261693784,0.1278124956759953,0.09272193262393874,TEA_ETS
TEAD4_ETV4,TEA_ETS,0.128711138973519,0.401337724124666,0.16457788089235995,0.376890654871823,0.17769548560383686,0.11739227681331332,0.0626007114310432,TEA_ETS
TEAD4_ETV7,TEA_ETS,0.27601022279112,0.36588194381395706,0.22566950402253505,0.3823638956489771,0.3903374003915046,0.17635741334429147,0.2139799870472132,TEA_ETS
TEAD4_FLI1,TEA_ETS,0.22039764144412305,0.46258815328492997,0.22047999350811606,0.446867156789678,0.27527165785151536,0.1850263897920301,0.1041683996981154,TEA_ETS
TEAD4_SPDEF,TEA_ETS,0.215875432234742,0.3422395809020589,0.16066672319517,0.35424861206200703,0.2935621032942118,0.11586055897372086,0.17902787104646573,TEA_ETS
TEAD4_SPDEF_2,TEA_ETS,0.131177149672274,0.414999585584356,0.13699443293298,0.399456802606327,0.17893760256594118,0.10627853507264708,0.07475541990036089,TEA_ETS
TEAD4_SPDEF_3,TEA_ETS,0.2343661451564789,0.39162124267429904,0.218847600843691,0.370102631867491,0.28133591155303583,0.1712707191238563,0.3564536559624967,TEA_ETS
TEAD4_SPIB,TEA_ETS,0.10386085562016198,0.4451603118660829,0.13937550704387,0.399923238882678,0.13415772096343212,0.08564045547946013,0.04931073608445967,TEA_ETS
TEAD4_SPIB_2,TEA_ETS,0.126250896346428,0.436467534747753,0.163429686352257,0.39648315318422495,0.17922045435179607,0.07087800989073287,0.1063549623741337,TEA_ETS
TEAD4_EOMES,TEA_Tbox,0.177611798233592,0.37886272774807,0.181139583069396,0.3582227112120949,0.40887580901255394,0.24745897611987955,0.051722667019590884,TEA_Tbox
TEAD4_EOMES_2,TEA_Tbox,0.131597990461221,0.390478647703904,0.116332575445344,0.3605137516416129,0.18513286021909356,0.1499313096368054,0.1293011953763492,TEA_Tbox
TEAD4_EOMES_3,TEA_Tbox,0.154159688837259,0.4194662867456421,0.12665649788689,0.3987032952588661,0.2539218910913436,0.13230598783095066,0.21482615210993514,TEA_Tbox
TEAD4_EOMES_4,TEA_Tbox,0.15565413750354298,0.391651741434964,0.143211399278671,0.395362867857338,0.24923856822922813,0.14122461812766116,0.22022989942555124,TEA_Tbox
TEAD4_EOMES_5,TEA_Tbox,0.15070940410723,0.31482995657448903,0.127488083854825,0.316996732971958,0.2479983077607003,0.1806184080586339,0.1963267810604912,TEA_Tbox
TEAD4_EOMES_6,TEA_Tbox,0.11938900084352701,0.33262999915926195,0.133715856735977,0.331530465900635,0.18736243414902132,0.145840066482889,0.22349327380963568,TEA_Tbox
TEAD4_TBX21,TEA_Tbox,0.155665851090771,0.3476574930393089,0.131637303347919,0.395968062559544,0.21925586258437366,0.11852300989406545,0.10088724420905193,TEA_Tbox
TEAD4_TBX21_2,TEA_Tbox,0.152891040739109,0.31492138968437,0.120943902542865,0.323732279745696,0.3300036209642125,0.15280712273845956,0.17967691982123932,TEA_Tbox
TEAD4_FOXI1,TEA_Fox,0.186153134637892,0.421295629331191,0.185019667655174,0.399102561203505,0.2616355288629904,0.1805227611963462,0.08236009498552455,TEA_Fox
TEAD4_FOXI1_2,TEA_Fox,0.134032866046326,0.361195968358761,0.129665016513329,0.35752533967704603,0.23759346380601068,0.15002207049829178,0.2177630467988164,TEA_Fox
TEAD4_FOXI1_3,TEA_Fox,0.127208567059044,0.351558042786547,0.122507532951047,0.340809145772724,0.34660219810302906,0.15423950774685194,0.2505818420007437,TEA_Fox
TEAD4_FOXI1_4,TEA_Fox,0.13252893406355198,0.348102448797261,0.121177598202057,0.34094691186578496,0.20927066214131612,0.1695433048516156,0.18860542091480467,TEA_Fox
TEAD4_FOXI1_5,TEA_Fox,0.17909858619236604,0.3673885455837321,0.184283754681541,0.36271275123509994,0.34773849732790646,0.2410977655004764,0.19365943564883384,TEA_Fox
TFAP2C_DLX3,AP2_Homeo,0.143148573741561,0.387719407954553,0.13784062693099405,0.375122094469945,0.17682079363837858,0.2580951155999323,-0.05476977805427802,AP2_Homeo
TFAP2C_DLX3_2,AP2_Homeo,0.198983542482258,0.25729231785690604,0.171438279901702,0.233941484419173,0.28140522441237764,0.14091665471100392,0.14048856970137372,AP2_Homeo
TFAP2C_DLX3_3,AP2_Homeo,0.171177122297778,0.3811340097177829,0.15489441283522698,0.360719225842312,0.25585699738044326,0.2703604753293913,0.06664820046600907,AP2_Homeo
TFAP2C_DRGX,AP2_Homeo,0.24192371253474398,0.4331578143473429,0.22289857467899504,0.413691966488621,0.3421317954116598,0.256181822239733,0.08594997317192676,AP2_Homeo
TFAP2C_HOXB13,AP2_Homeo,0.21264645506889998,0.243851119603606,0.191212295968894,0.293444088748087,0.30072750078225763,0.2614856932353706,0.03924180754688705,AP2_Homeo
TFAP2C_HES7,AP2_bHLH,0.18716255922175687,0.37460382875995,0.14410195383338198,0.344671358799849,0.2619388234976353,0.14528065967356027,0.11792034625091473,AP2_bHLH
TFAP2C_HES7_2,AP2_bHLH,0.162762174633156,0.36104522290363,0.152903284590307,0.378670327825664,0.23308795889343564,0.16695069923293993,0.15856500335802642,AP2_bHLH
TFAP2C_MAX,AP2_bHLH,0.149116840294533,0.240838314694748,0.126927245267864,0.261288937955768,0.22306598552968485,0.07520904063768924,0.1360270080670984,AP2_bHLH
TFAP2C_MAX_2,AP2_bHLH,0.16737753399771801,0.27421779561645704,0.14826921946847801,0.279764019398599,0.26160509918047165,0.09528072777650223,0.24596373780834965,AP2_bHLH
TFAP2C_MAX_3,AP2_bHLH,0.117098019580419,0.345522231188925,0.10719882098192099,0.348889259823165,0.27575388254935607,0.0630659288389576,0.2350654502044261,AP2_bHLH
TFAP2C_MAX_4,AP2_bHLH,0.101448031176868,0.358853751610265,0.109801220067485,0.345345046225489,0.2806776407208505,0.06647420279801912,0.2321550354698572,AP2_bHLH
TFAP2C_ONECUT2,AP2_HomeoCut,0.15349799738927802,0.27219847519929397,0.12918253763963,0.23423497399527396,0.23158826557863388,0.10145298605121864,0.11580181611798968,AP2_HomeoCut
TFAP2C_ONECUT2_2,AP2_HomeoCut,0.161570086334449,0.296452699971968,0.135403279820274,0.28195336839803803,0.2359386368352063,0.10539148478900036,0.2760891020187842,AP2_HomeoCut
TFAP2C_ONECUT2_3,AP2_HomeoCut,0.17007530616706698,0.268713911693656,0.15218254170399806,0.249201914204382,0.26200158890190944,0.13009912388994976,0.12835112635239918,AP2_HomeoCut
TFAP2C_ONECUT2_4,AP2_HomeoCut,0.232106271262308,0.4486030778300589,0.2156750444142269,0.44272639052035995,0.33858389133236433,0.2014924556129995,0.24872631398784026,AP2_HomeoCut
