name1,name2,nameOut,case,isRC,loc1,loc2,quality1,quality2,quality,overlapLen
ALX4,EOMES,ALX4_EOMES,4,0,4,11,0.35806110035897903,0.236269380770805,0.5943304811297829,6
ALX4,TBX21,ALX4_TBX21,2,0,5,-1,0.41732544273523,0.26109153562182197,0.6784169783570521,4
ALX4,TBX21,ALX4_TBX21_2,2,0,5,-1,0.251021703269277,0.238921624775548,0.48994332804482504,4
ARNTL,BHLHA15,ARNTL_BHLHA15,2,1,10,0,0.31386506882479104,0.223676261953839,0.537541330778629,0
ARNTL,PITX1,ARNTL_PITX1,4,0,-2,8,0.237817040526395,0.27131373109128504,0.509130771617681,0
ARNTL,PITX1,ARNTL_PITX1_2,2,1,9,0,0.299277314635512,0.22281910712837902,0.52209642176389,-1
ATF4,CEBPB,ATF4_CEBPB,1,0,0,2,0.0963117761181358,0.316876239507274,0.41318801562541,11
ATF4,CEBPD,ATF4_CEBPD,1,0,0,2,0.0881747529435826,0.34417914362209,0.43235389656567297,11
ATF4,TEF,ATF4_TEF,4,0,0,1,0.0867836358171972,0.387963276679311,0.47474691249650897,12
CEBPG,ATF4,CEBPG_ATF4,2,0,2,0,0.313286777969629,0.0935866634200063,0.406873441389635,11
CEBPG,CREB3L1,CEBPG_CREB3L1,2,0,1,-1,0.399690831882014,0.38817277764598707,0.7878636095280009,12
CEBPG,ELF1,CEBPG_ELF1,3,1,9,-1,0.32072022387252597,0.403416639993546,0.724136863866072,2
CLOCK,BHLHA15,CLOCK_BHLHA15,4,0,-1,10,0.23609765631494298,0.30346281551508003,0.539560471830023,-1
CLOCK,EVX1,CLOCK_EVX1,1,1,-2,8,0.18995153567767398,0.22422427325491498,0.414175808932589,0
CLOCK,EVX1,CLOCK_EVX1_2,4,0,-2,7,0.12025864080101001,0.309576942977543,0.429835583778553,1
CLOCK,EVX1,CLOCK_EVX1_3,4,1,-2,10,0.218981424081317,0.23044212551414,0.449423549595457,-2
CLOCK,EVX1,CLOCK_EVX1_4,4,1,-2,11,0.204216156732428,0.28970733065801696,0.493923487390445,-3
CLOCK,FIGLA,CLOCK_FIGLA,4,1,-1,14,0.229849304469469,0.18388434756388103,0.41373365203334994,-5
CLOCK,FIGLA,CLOCK_FIGLA_2,4,1,-1,15,0.28612311566059007,0.201653121678962,0.48777623733955194,-6
CLOCK,NHLH1,CLOCK_NHLH1,2,0,12,0,0.17757818710435397,0.206562317462224,0.38414050456657794,-2
CLOCK,NHLH1,CLOCK_NHLH1_2,2,0,11,0,0.175365801726018,0.210257867255965,0.38562366898198297,-1
CLOCK,TBX3,CLOCK_TBX3,4,1,-2,10,0.13929472078253602,0.155183193944712,0.294477914727248,-2
CUX1,FOXI1,CUX1_FOXI1,2,0,10,0,0.16898867719491698,0.39042705350233703,0.559415730697254,-3
CUX1,FOXO1,CUX1_FOXO1,2,0,10,0,0.146414973444321,0.273882922034265,0.42029789547858604,-2
CUX1,FOXO6,CUX1_FOXO6,2,0,10,0,0.133547461398976,0.39236600831266605,0.525913469711641,-3
CUX1,HOXA13,CUX1_HOXA13,3,1,9,-2,0.139991536398857,0.360853460140151,0.500844996539007,0
CUX1,HOXA13,CUX1_HOXA13_2,4,1,-1,6,0.24496541273378,0.30639776696905296,0.551363179702833,3
CUX1,HOXB13,CUX1_HOXB13,4,1,-1,6,0.187066305099295,0.3580803874688979,0.545146692568192,3
CUX1,NHLH1,CUX1_NHLH1,4,1,-1,13,0.139404386437573,0.0829603754770602,0.222364761914633,-4
CUX1,NHLH1,CUX1_NHLH1_2,4,1,-1,14,0.130773809120282,0.0910762981837059,0.221850107303988,-5
CUX1,PITX1,CUX1_PITX1,3,0,8,-1,0.15527920321236902,0.101347682143309,0.25662688535567896,-1
CUX1,RFX5,CUX1_RFX5,1,0,-1,8,0.129145800148737,0.461011488120214,0.590157288268951,1
CUX1,RFX5,CUX1_RFX5_2,1,0,-1,7,0.0981057669094572,0.46816021287211207,0.5662659797815689,2
CUX1,SOX15,CUX1_SOX15,2,0,-2,-9,0.10130594199114999,0.47278887371632106,0.5740948157074711,8
CUX1,SOX15,CUX1_SOX15_2,3,0,-1,-8,0.11660519790010002,0.502296947255415,0.618902145155515,8
CUX1,SOX15,CUX1_SOX15_3,3,0,-1,-8,0.11342619008874301,0.529609046185196,0.643035236273939,8
CUX1,SRF,CUX1_SRF,2,0,14,-2,0.148537853894895,0.30332764235022697,0.451865496245122,0
CUX1,TBX21,CUX1_TBX21,3,0,9,0,0.0976829058404295,0.252112343664216,0.34979524950464597,1
CUX1,TBX21,CUX1_TBX21_2,3,0,7,-1,0.364402356365782,0.291808514150803,0.656210870516584,2
CUX1,TBX3,CUX1_TBX3,2,0,9,0,0.198335466894846,0.168812938755299,0.36714840565014506,-1
E2F1,ELK1,E2F1_ELK1,3,1,7,-1,0.45499766792701296,0.22817748781733302,0.6831751557443451,2
E2F1,ELK1,E2F1_ELK1_2,3,1,12,-1,0.411864887255245,0.199406916202757,0.611271803458002,-3
E2F1,ELK1,E2F1_ELK1_3,3,1,13,-1,0.443418785353873,0.193038523874798,0.63645730922867,-4
E2F1,EOMES,E2F1_EOMES,4,1,2,10,0.44644919105107206,0.33061939511515503,0.777068586166227,6
E2F1,EOMES,E2F1_EOMES_2,2,0,5,-1,0.388366265189699,0.47020230112220207,0.8585685663119,7
E2F1,HES7,E2F1_HES7,3,0,9,-1,0.365783596921131,0.23527790071796398,0.601061497639095,2
E2F1,HES7,E2F1_HES7_2,3,0,10,-1,0.35997659289659,0.330182610050438,0.6901592029470279,1
E2F1,NHLH1,E2F1_NHLH1,3,1,16,0,0.3743579429141621,0.0887176610488971,0.46307560396305897,-6
E2F3,DRGX,E2F3_DRGX,2,1,0,-5,0.442350403133943,0.265493236424394,0.7078436395583371,8
E2F3,EOMES,E2F3_EOMES,2,1,3,-1,0.5635961340352429,0.489645337137319,1.05324147117256,9
E2F3,FOXI1,E2F3_FOXI1,4,1,-3,10,0.660559056491109,0.463538124976423,1.12409718146753,5
E2F3,FOXO6,E2F3_FOXO6,2,1,12,10,0.5671301008332789,0.622513944545456,1.18964404537873,5
E2F3,FOXO6,E2F3_FOXO6_2,3,1,13,10,0.588843960244332,0.635859218711209,1.22470317895554,4
E2F3,HES7,E2F3_HES7,1,0,-3,11,0.561523685888176,0.385215606200755,0.94673929208893,4
E2F3,ONECUT2,E2F3_ONECUT2,2,1,4,-4,0.506396676329076,0.184901063072857,0.691297739401934,6
E2F3,ONECUT2,E2F3_ONECUT2_2,2,1,5,-4,0.524317915885651,0.20888755181619298,0.7332054677018441,5
E2F3,TBX21,E2F3_TBX21,4,1,-5,7,0.614690774528822,0.292188591292127,0.9068793658209491,6
E2F3,TBX21,E2F3_TBX21_2,4,1,2,14,0.6199016627843079,0.31867106744394,0.9385727302282479,6
E2F3,TBX21,E2F3_TBX21_3,2,0,4,-1,0.624801350248201,0.245165189880856,0.8699665401290559,5
ELK1,EOMES,ELK1_EOMES,2,0,20,-1,0.21145366969714102,0.33989087551212105,0.5513445452092621,-8
ELK1,EOMES,ELK1_EOMES_2,1,0,0,8,0.116225391164636,0.39012428435395896,0.506349675518595,2
ELK1,EOMES,ELK1_EOMES_3,3,0,4,-4,0.145158717631007,0.49149048920167404,0.636649206832681,5
ELK1,ETV7,ELK1_ETV7,2,1,1,0,0.40480466848634206,0.34004865095565306,0.7448533194419951,10
ELK1,EVX1,ELK1_EVX1,1,0,0,9,0.342500691084781,0.191485902187774,0.533986593272556,1
ELK1,FOXI1,ELK1_FOXI1,1,0,0,9,0.148575113093254,0.246532896904288,0.395108009997543,1
ELK1,FOXI1,ELK1_FOXI1_2,1,0,0,8,0.291753903412923,0.294225170876455,0.5859790742893779,2
ELK1,FOXI1,ELK1_FOXI1_3,4,0,0,6,0.184566252797012,0.41734848824762394,0.601914741044636,4
ELK1,FOXI1,ELK1_FOXI1_4,3,0,4,0,0.254682909963175,0.38731827548909903,0.6420011854522739,3
ELK1,FOXI1,ELK1_FOXI1_5,1,0,0,9,0.34250445561703996,0.22175382839765198,0.564258284014692,1
ELK1,FOXI1,ELK1_FOXI1_6,1,0,0,8,0.49264568015120597,0.19416206131912697,0.686807741470332,2
ELK1,HOXA1,ELK1_HOXA1,4,0,0,6,0.127977542129386,0.394444024056819,0.5224215661862049,4
ELK1,HOXA3,ELK1_HOXA3,1,0,0,15,0.29879999787325606,0.37042627556435,0.669226273437605,-5
ELK1,HOXA3,ELK1_HOXA3_2,4,0,0,3,0.383104276921165,0.46476603943475703,0.8478703163559219,7
ELK1,HOXB13,ELK1_HOXB13,1,0,0,6,0.0878113163271113,0.419682650933634,0.507493967260745,4
ELK1,HOXB13,ELK1_HOXB13_2,1,0,0,6,0.32456170997508804,0.533791738993835,0.858353448968923,4
ELK1,ONECUT2,ELK1_ONECUT2,1,0,0,5,0.27753068721862106,0.44445859228412005,0.7219892795027409,5
ELK1,PAX1,ELK1_PAX1,1,0,0,5,0.2511496414514,0.39590356189396797,0.6470532033453679,5
ELK1,PAX5,ELK1_PAX5,1,0,0,5,0.247395094747346,0.346385354591947,0.593780449339293,5
ELK1,PAX9,ELK1_PAX9,4,0,0,13,0.265279723552912,0.44950905405474106,0.714788777607653,-3
ELK1,SPDEF,ELK1_SPDEF,4,0,0,8,0.39806238765295,0.296508693482677,0.694571081135627,2
ELK1,SREBF2,ELK1_SREBF2,4,0,0,7,0.16586586885380303,0.298672566867234,0.46453843572103604,3
ELK1,SREBF2,ELK1_SREBF2_2,2,0,8,0,0.18172796872345998,0.224423266248761,0.40615123497222105,2
ELK1,TBX21,ELK1_TBX21,2,0,21,0,0.165208104569895,0.285492993794346,0.45070109836424105,-11
ELK1,TBX21,ELK1_TBX21_2,3,0,4,-1,0.159651277364257,0.512812308569032,0.672463585933288,5
ELK1,TBX21,ELK1_TBX21_3,2,0,20,-1,0.26864575628992104,0.291906952232342,0.5605527085222629,-11
ELK1,TBX21,ELK1_TBX21_4,3,0,4,-1,0.31402772029585196,0.521887170937989,0.8359148912338409,5
ELK1,TEF,ELK1_TEF,1,0,0,6,0.23781186800791398,0.22178335133748397,0.45959521934539704,4
ERF,CEBPD,ERF_CEBPD,4,0,0,7,0.36420660197080607,0.0686727065869666,0.43287930855777296,3
ERF,CLOCK,ERF_CLOCK,2,0,10,-2,0.24229699371651703,0.154922884605721,0.39721987832223793,-2
ERF,DLX2,ERF_DLX2,1,0,0,11,0.25059199626822,0.157948019411454,0.408540015679674,-1
ERF,DLX2,ERF_DLX2_2,1,0,0,11,0.24536171156022601,0.15143106830539002,0.39679277986561606,-1
ERF,DLX3,ERF_DLX3,1,0,0,11,0.30232677430043103,0.2979664727824,0.600293247082831,-1
ERF,DLX3,ERF_DLX3_2,1,0,0,10,0.26126053583814396,0.263948079792835,0.525208615630979,0
ERF,EOMES,ERF_EOMES,2,0,20,-1,0.20201131047674104,0.261578681990709,0.46358999246745103,-8
ERF,EOMES,ERF_EOMES_2,3,0,6,-2,0.190395650460596,0.45778679659935795,0.648182447059954,5
ERF,ETV7,ERF_ETV7,2,1,0,-1,0.44079065923648,0.34041068186721,0.78120134110369,10
ERF,FIGLA,ERF_FIGLA,1,0,0,6,0.365926472018163,0.16234344390839497,0.528269915926558,4
ERF,FOXI1,ERF_FOXI1,4,0,0,6,0.27337668462313397,0.4212159967213371,0.6945926813444712,4
ERF,FOXI1,ERF_FOXI1_2,2,0,4,0,0.188220295507933,0.42940353677948706,0.61762383228742,3
ERF,FOXI1,ERF_FOXI1_3,3,0,4,0,0.330968836234028,0.38795380099007504,0.7189226372241031,3
ERF,FOXO1,ERF_FOXO1,2,0,4,0,0.260137545795634,0.35039328842194295,0.610530834217577,4
ERF,HES7,ERF_HES7,1,0,0,10,0.15317369923159802,0.35394047496223396,0.5071141741938321,0
ERF,HES7,ERF_HES7_2,3,0,11,-1,0.21370783621604897,0.402822017185068,0.6165298534011171,0
ERF,HES7,ERF_HES7_3,3,0,12,-1,0.210970307259492,0.40486366278854496,0.615833970048037,-1
ERF,HOXA3,ERF_HOXA3,1,0,0,12,0.175741637340331,0.308554485469346,0.484296122809677,-2
ERF,HOXB13,ERF_HOXB13,1,0,0,6,0.243220845006125,0.48026192416656205,0.7234827691726871,4
ERF,MAX,ERF_MAX,1,0,0,6,0.32894242323469297,0.135489049508161,0.46443147274285396,4
ERF,NHLH1,ERF_NHLH1,3,0,7,0,0.266703202072672,0.239947096655185,0.506650298727856,3
ERF,ONECUT2,ERF_ONECUT2,4,0,0,10,0.16812373328527896,0.365347267189738,0.533471000475017,0
ERF,PITX1,ERF_PITX1,4,0,0,10,0.30315717487154203,0.299785856030803,0.6029430309023449,0
ERF,PITX1,ERF_PITX1_2,4,0,0,11,0.30569397018035,0.257969051026716,0.563663021207066,-1
ERF,SREBF2,ERF_SREBF2,2,0,8,0,0.15184651277995198,0.121323523993114,0.273170036773066,2
ERF,SREBF2,ERF_SREBF2_2,4,0,0,7,0.328030310285524,0.11284271149547599,0.44087302178099996,3
ERF,TBX21,ERF_TBX21,2,0,20,-1,0.204290885540104,0.382270079678254,0.5865609652183579,-11
ERF,TBX21,ERF_TBX21_2,3,0,4,-1,0.0977217794751254,0.487176639503645,0.5848984189787709,5
ETV2,BHLHA15,ETV2_BHLHA15,1,0,-1,6,0.289028259031981,0.196449589083235,0.485477848115217,4
ETV2,CEBPD,ETV2_CEBPD,4,0,-1,7,0.37530559508381106,0.16032471327349,0.5356303083573011,3
ETV2,CLOCK,ETV2_CLOCK,2,0,11,0,0.327807633812579,0.159590608298012,0.48739824211059,-1
ETV2,DLX2,ETV2_DLX2,1,0,-1,12,0.14395137268368302,0.15721587532010098,0.30116724800378303,-2
ETV2,DLX2,ETV2_DLX2_2,1,0,-1,11,0.256686265202079,0.113598062586051,0.370284327788129,-1
ETV2,DLX3,ETV2_DLX3,4,0,-1,13,0.200184031267245,0.12944156985267802,0.329625601119923,-3
ETV2,DLX3,ETV2_DLX3_2,1,0,-1,12,0.19464975433721302,0.20995453091448002,0.404604285251692,-2
ETV2,DLX3,ETV2_DLX3_3,1,0,-1,11,0.24388373972173602,0.193774774446532,0.4376585141682679,-1
ETV2,DLX3,ETV2_DLX3_4,3,0,7,-1,0.21913144002564397,0.18329824643141002,0.40242968645705396,0
ETV2,DRGX,ETV2_DRGX,4,0,-1,7,0.261683133534409,0.295337150438112,0.5570202839725219,3
ETV2,DRGX,ETV2_DRGX_2,4,0,-1,6,0.233641405383225,0.498729636627638,0.7323710420108621,4
ETV2,EOMES,ETV2_EOMES,2,0,19,-1,0.32321157920887605,0.31474816409587497,0.63795974330475,-7
ETV2,EOMES,ETV2_EOMES_2,3,0,3,-4,0.311325193881515,0.471803676066689,0.7831288699482042,6
ETV2,EOMES,ETV2_EOMES_3,4,0,-1,11,0.217582957817958,0.20501761900753301,0.422600576825491,-1
ETV2,ETV7,ETV2_ETV7,2,1,-1,-1,0.43417368396510897,0.32186253636468104,0.75603622032979,11
ETV2,EVX1,ETV2_EVX1,1,0,-1,9,0.30374701231135404,0.28214548440387105,0.585892496715225,1
ETV2,FIGLA,ETV2_FIGLA,4,0,-1,6,0.326294917618848,0.159339540875314,0.48563445849416204,4
ETV2,FIGLA,ETV2_FIGLA_2,3,0,11,0,0.274895445222117,0.191127128913347,0.466022574135464,-1
ETV2,FOXI1,ETV2_FOXI1,2,0,4,1,0.26179925793029896,0.301118980818815,0.5629182387491151,4
ETV2,FOXI1,ETV2_FOXI1_2,1,0,-1,7,0.288576394972937,0.292072169163169,0.5806485641361059,3
ETV2,FOXI1,ETV2_FOXI1_3,1,0,-1,9,0.258805758996799,0.35093187479498306,0.6097376337917819,1
ETV2,FOXI1,ETV2_FOXI1_4,4,0,-1,6,0.40660469669225996,0.36140522578802897,0.768009922480289,4
ETV2,FOXI1,ETV2_FOXI1_5,3,0,3,0,0.39258825169042,0.306859592095544,0.6994478437859639,4
ETV2,FOXO6,ETV2_FOXO6,4,0,-1,6,0.35882141268091405,0.39234751387344,0.7511689265543531,4
ETV2,GSC2,ETV2_GSC2,1,0,-1,14,0.24010500055448897,0.10886820000546199,0.348973200559951,-4
ETV2,GSC2,ETV2_GSC2_2,1,0,-1,13,0.163400601813956,0.109169024717433,0.272569626531388,-3
ETV2,GSC2,ETV2_GSC2_3,1,0,-1,12,0.23538688634946398,0.186206787437538,0.421593673787002,-2
ETV2,GSC2,ETV2_GSC2_4,4,0,-1,9,0.21048719025798002,0.138305938396033,0.34879312865401296,1
ETV2,GSC2,ETV2_GSC2_5,4,0,-1,10,0.27623635594018797,0.118685746671069,0.39492210261125804,0
ETV2,HES7,ETV2_HES7,3,0,10,-1,0.26679450468611804,0.341294620303147,0.608089124989266,1
ETV2,HES7,ETV2_HES7_2,1,0,-1,10,0.22560857959945801,0.325076578795104,0.550685158394562,0
ETV2,HES7,ETV2_HES7_3,1,0,-1,11,0.26587192812258503,0.340201489141979,0.606073417264565,-1
ETV2,HOXA2,ETV2_HOXA2,1,0,-1,6,0.24021020560069897,0.338908638912031,0.57911884451273,4
ETV2,HOXA2,ETV2_HOXA2_2,1,0,-1,12,0.23329532445211604,0.17906674356056698,0.412362068012683,-2
ETV2,HOXB13,ETV2_HOXB13,1,0,-1,6,0.304561932366367,0.45545524659019204,0.760017178956558,4
ETV2,HOXB13,ETV2_HOXB13_2,1,0,-1,5,0.22343458096832602,0.5616766433461421,0.785111224314468,5
ETV2,NHLH1,ETV2_NHLH1,2,0,6,0,0.36341327476781704,0.210424540508072,0.5738378152758891,4
ETV2,NHLH1,ETV2_NHLH1_2,1,0,-1,11,0.34264552050400704,0.0977028192053398,0.44034833970934706,-1
ETV2,ONECUT2,ETV2_ONECUT2,2,0,6,-4,0.26073083045774603,0.26499458788414804,0.525725418341894,4
ETV2,ONECUT2,ETV2_ONECUT2_2,2,0,7,-4,0.206967460848119,0.210091119707693,0.417058580555812,3
ETV2,ONECUT2,ETV2_ONECUT2_3,4,0,-1,9,0.21653450576664002,0.24717862037406502,0.46371312614070503,1
ETV2,ONECUT2,ETV2_ONECUT2_4,4,0,-1,10,0.21310578558739302,0.286505250567152,0.49961103615454494,0
ETV2,ONECUT2,ETV2_ONECUT2_5,1,0,-1,9,0.22426307743537802,0.30827197842174203,0.532535055857121,1
ETV2,PAX5,ETV2_PAX5,1,0,-1,5,0.219474584834719,0.32668443840913697,0.546159023243856,5
ETV2,PITX1,ETV2_PITX1,4,0,-1,11,0.25242063440198,0.12608263932526,0.378503273727241,-1
ETV2,RFX5,ETV2_RFX5,3,1,10,1,0.309341607996372,0.5928868847043249,0.9022284927006959,7
ETV2,RFX5,ETV2_RFX5_2,1,0,-1,5,0.21694927513885898,0.45303365538844803,0.669982930527308,5
ETV2,RFX5,ETV2_RFX5_3,2,1,9,1,0.204417966681156,0.594306672396502,0.7987246390776579,8
ETV2,RFX5,ETV2_RFX5_4,1,0,-1,6,0.249045583967298,0.423590657523849,0.672636241491147,4
ETV2,SOX15,ETV2_SOX15,4,0,-1,12,0.23099675478393397,0.6635578261608399,0.894554580944774,-2
ETV2,SOX15,ETV2_SOX15_2,4,0,-1,11,0.241967902618541,0.63733479545984,0.879302698078381,-1
ETV2,SOX15,ETV2_SOX15_3,1,0,-1,12,0.20964818864295398,0.6577121825830821,0.8673603712260359,-2
ETV2,SOX15,ETV2_SOX15_4,4,0,-1,13,0.208602825713774,0.6531912736230691,0.861794099336843,-3
ETV2,SPDEF,ETV2_SPDEF,2,1,0,0,0.442957761984711,0.39263065210105896,0.83558841408577,11
ETV2,SREBF2,ETV2_SREBF2,2,0,7,0,0.287822889373258,0.317264165362694,0.605087054735952,3
ETV2,SREBF2,ETV2_SREBF2_2,2,0,6,0,0.46987377847415,0.30070607771662106,0.770579856190771,4
ETV2,TBX21,ETV2_TBX21,2,0,18,-2,0.336037003233116,0.22742409478395997,0.563461098017075,-10
ETV2,TBX21,ETV2_TBX21_2,3,0,3,-1,0.328365146095516,0.539737894991095,0.868103041086611,6
ETV2,TBX21,ETV2_TBX21_3,4,0,-1,14,0.18585384740099803,0.20169154615110396,0.387545393552103,-4
ETV2,TCF3,ETV2_TCF3,2,0,6,-2,0.24577032328545997,0.340306537843392,0.586076861128852,2
ETV2,TEF,ETV2_TEF,1,0,-1,6,0.30976722859542305,0.178954567687166,0.488721796282589,4
ETV2,TEF,ETV2_TEF_2,2,0,13,-2,0.17250367452265603,0.19256393322052104,0.365067607743176,-3
ETV5,CEBPD,ETV5_CEBPD,4,0,0,7,0.26314825218930604,0.11708835968745801,0.380236611876764,3
ETV5,CLOCK,ETV5_CLOCK,2,0,11,-1,0.13449087630387402,0.19753738213620603,0.33202825844008005,-2
ETV5,DLX2,ETV5_DLX2,1,0,0,11,0.11439615008235302,0.12450747728973402,0.238903627372087,-1
ETV5,DRGX,ETV5_DRGX,4,0,0,7,0.18228901383544602,0.32629437891545804,0.5085833927509039,3
ETV5,DRGX,ETV5_DRGX_2,2,0,5,-6,0.14449050031137803,0.381005168028395,0.525495668339773,2
ETV5,EOMES,ETV5_EOMES,2,0,20,-1,0.154440744538059,0.35298618822128996,0.507426932759349,-8
ETV5,EOMES,ETV5_EOMES_2,3,0,4,-4,0.12110808195,0.585983482940541,0.7070915648905408,5
ETV5,ETV7,ETV5_ETV7,2,1,0,-1,0.42452866668233097,0.40384814678976094,0.8283768134720909,10
ETV5,EVX1,ETV5_EVX1,4,0,0,3,0.276072054204525,0.46297498059733794,0.7390470348018621,7
ETV5,EVX1,ETV5_EVX1_2,1,0,0,9,0.306364917412007,0.25480108250803,0.561165999920036,1
ETV5,EVX1,ETV5_EVX1_3,1,0,0,10,0.293659255818561,0.263573719986583,0.557232975805143,0
ETV5,FIGLA,ETV5_FIGLA,4,0,0,6,0.327429945628819,0.14405769717436098,0.47148764280318,4
ETV5,FOXI1,ETV5_FOXI1,2,0,4,0,0.267261416981075,0.21371329019285298,0.48097470717392793,3
ETV5,FOXI1,ETV5_FOXI1_2,4,0,0,6,0.17875193216926702,0.486898567673295,0.665650499842562,4
ETV5,FOXI1,ETV5_FOXI1_3,3,0,4,0,0.191799261122702,0.43318018666112496,0.6249794477838271,3
ETV5,FOXO1,ETV5_FOXO1,4,0,0,5,0.254286881775425,0.44850953611393296,0.7027964178893571,5
ETV5,FOXO1,ETV5_FOXO1_2,2,0,4,0,0.309391716414764,0.27713581833921896,0.5865275347539829,4
ETV5,HES7,ETV5_HES7,1,0,-1,9,0.24255567969089,0.40223767080279405,0.6447933504936839,0
ETV5,HES7,ETV5_HES7_2,3,0,11,-1,0.23763394011404101,0.43515184545472396,0.672785785568765,0
ETV5,HOXA13,ETV5_HOXA13,1,0,0,6,0.19098905787381398,0.46008520215728405,0.651074260031097,4
ETV5,HOXA2,ETV5_HOXA2,1,0,0,6,0.172974667482309,0.261212826010273,0.43418749349258207,4
ETV5,HOXA2,ETV5_HOXA2_2,1,0,0,15,0.339048682184991,0.226011419700895,0.5650601018858871,-5
ETV5,HOXA2,ETV5_HOXA2_3,4,0,0,3,0.276125470557936,0.44110009337842604,0.7172255639363622,7
ETV5,HOXB13,ETV5_HOXB13,1,0,0,6,0.115742891842159,0.508201533144252,0.623944424986411,4
ETV5,TCF3,ETV5_TCF3,3,0,7,-2,0.18165750097951602,0.20450210846411102,0.386159609443627,1
ETV5,TCF3,ETV5_TCF3_2,4,0,0,11,0.16938066099992802,0.22361459018303897,0.392995251182966,-1
ETV7,TBX21,ETV7_TBX21,4,0,-1,13,0.23758630435054998,0.235817970443879,0.4734042747944289,-3
ETV7,TBX21,ETV7_TBX21_2,4,0,-1,12,0.221466639428453,0.23406024631767802,0.45552688574613104,-2
FLI1,BHLHA15,FLI1_BHLHA15,1,0,-8,6,0.468906678462587,0.248882645989303,0.71778932445189,0
FLI1,CEBPB,FLI1_CEBPB,4,0,0,7,0.47349867982945004,0.13984333211730898,0.613342011946759,7
FLI1,CEBPD,FLI1_CEBPD,4,0,0,7,0.43413005108477004,0.0988257618609942,0.532955812945764,7
FLI1,DLX2,FLI1_DLX2,1,0,0,7,0.5336014437490739,0.261162769469062,0.794764213218136,7
FLI1,DLX2,FLI1_DLX2_2,1,0,0,11,0.47299857765415504,0.164471922176216,0.637470499830371,3
FLI1,DRGX,FLI1_DRGX,4,0,-8,7,0.480566362839752,0.33167018318257396,0.8122365460223259,-1
FLI1,ETV7,FLI1_ETV7,2,1,0,-1,0.346825544180485,0.334614810346064,0.6814403545265489,10
FLI1,FIGLA,FLI1_FIGLA,1,0,-8,6,0.52601041418074,0.189765666721459,0.7157760809021991,0
FLI1,FOXI1,FLI1_FOXI1,2,0,4,-2,0.4048922518249001,0.472497168109126,0.8773894199340259,1
FLI1,FOXI1,FLI1_FOXI1_2,4,0,-8,6,0.471107266064678,0.29309634385867306,0.764203609923352,0
FLI1,FOXI1,FLI1_FOXI1_3,2,0,4,0,0.39778239477693106,0.279049270974768,0.676831665751699,3
FLI1,FOXI1,FLI1_FOXI1_4,3,0,4,0,0.41703029428137295,0.32122964050498604,0.7382599347863579,3
FLI1,HOXB13,FLI1_HOXB13,1,0,-8,6,0.5106431265433939,0.5388041026743811,1.04944722921778,0
FLI1,MAX,FLI1_MAX,1,0,0,6,0.4914314298504411,0.18128114133166898,0.6727125711821089,8
FLI1,ONECUT2,FLI1_ONECUT2,4,0,0,10,0.407220065158067,0.283665503502956,0.6908855686610229,4
FLI1,TCF3,FLI1_TCF3,1,0,-8,6,0.44512236919578796,0.286993675329334,0.732116044525122,0
FOXJ2,ELF1,FOXJ2_ELF1,1,0,0,2,0.377166628311176,0.29994953469270697,0.677116163003882,6
FOXJ2,ELF1,FOXJ2_ELF1_2,1,0,0,5,0.52367537839106,0.504177639806303,1.02785301819736,3
FOXJ2,HOXB13,FOXJ2_HOXB13,3,0,8,-1,0.30178123177405797,0.35554851626541706,0.657329748039475,2
FOXJ2,HOXB13,FOXJ2_HOXB13_2,1,0,0,5,0.3566063225742371,0.45673231476032206,0.8133386373345591,3
FOXJ2,HOXB13,FOXJ2_HOXB13_3,1,0,0,4,0.232473181793875,0.36737165766029206,0.599844839454167,4
FOXJ2,HOXB13,FOXJ2_HOXB13_4,3,0,7,-1,0.33019688748812603,0.42354015919830107,0.753737046686428,3
FOXJ2,PITX1,FOXJ2_PITX1,2,0,8,0,0.414953362006476,0.13758933898612302,0.552542700992599,0
FOXJ2,PITX1,FOXJ2_PITX1_2,4,0,-1,5,0.329523497195261,0.15506324837715,0.48458674557241105,2
FOXJ3,ELF1,FOXJ3_ELF1,1,0,0,11,0.46266369058262197,0.5061895440914811,0.968853234674103,-3
FOXJ3,TBX21,FOXJ3_TBX21,2,0,11,-1,0.345082371959413,0.40430458596982705,0.74938695792924,-2
FOXJ3,TBX21,FOXJ3_TBX21_2,4,0,-2,2,0.251799545042139,0.501478358752075,0.7532779037942141,4
FOXO1,ELF1,FOXO1_ELF1,1,0,2,4,0.517088936398328,0.500216488621681,1.01730542502001,6
FOXO1,ELF1,FOXO1_ELF1_2,3,1,7,0,0.37915642876464,0.41184464464032894,0.7910010734049692,5
FOXO1,ELF1,FOXO1_ELF1_3,1,0,0,2,0.286151958673299,0.38187157147667994,0.668023530149979,6
FOXO1,ELK1,FOXO1_ELK1,4,1,0,3,0.47568561070261894,0.28186151761422196,0.757547128316841,5
FOXO1,ELK1,FOXO1_ELK1_2,1,0,0,4,0.352736034677632,0.22526680488907397,0.5780028395667061,4
FOXO1,ELK1,FOXO1_ELK1_3,3,1,6,-1,0.5292267657911789,0.272497459564961,0.80172422535614,3
FOXO1,ELK3,FOXO1_ELK3,4,1,-1,2,0.523867072819067,0.154623071671597,0.678490144490664,5
FOXO1,ELK3,FOXO1_ELK3_2,1,0,0,4,0.323141202388472,0.219484481086487,0.54262568347496,4
FOXO1,ETV1,FOXO1_ETV1,4,1,-1,2,0.516879523761392,0.21569986929495302,0.732579393056345,5
FOXO1,ETV4,FOXO1_ETV4,4,1,-1,2,0.4883379671913571,0.20424100655494198,0.692578973746299,5
FOXO1,ETV4,FOXO1_ETV4_2,1,0,0,4,0.280714075384769,0.314013873155148,0.5947279485399171,4
FOXO1,ETV7,FOXO1_ETV7,4,0,0,12,0.337157375981098,0.192730627167673,0.529888003148771,-4
FOXO1,FLI1,FOXO1_FLI1,1,0,0,4,0.255873445249896,0.46184634867629,0.717719793926187,4
FOXO1,HOXA10,FOXO1_HOXA10,1,0,0,5,0.284866593153508,0.44378476897878205,0.7286513621322891,3
FOXO1,HOXB13,FOXO1_HOXB13,2,0,12,8,0.27985814608428494,0.36188041838220397,0.64173856446649,7
FOXO1,HOXB13,FOXO1_HOXB13_2,2,0,9,5,0.21700504186548397,0.391784077117666,0.6087891189831489,7
FOXO1,HOXB13,FOXO1_HOXB13_3,2,0,10,6,0.324125244813529,0.424784754460314,0.748909999273843,7
FOXO1,SPDEF,FOXO1_SPDEF,4,1,-1,2,0.414593810993292,0.22942172537549105,0.644015536368783,5
GCM1,CEBPB,GCM1_CEBPB,4,0,-1,10,0.188031743685655,0.12494838994902302,0.31298013363467797,0
GCM1,CEBPB,GCM1_CEBPB_2,4,0,-1,12,0.241777457285564,0.11858590592890801,0.360363363214472,-2
GCM1,CEBPB,GCM1_CEBPB_3,4,0,-1,11,0.24419552910161899,0.133345164663224,0.377540693764844,-1
GCM1,ELF1,GCM1_ELF1,1,0,-1,3,0.44743187518450295,0.501866428639992,0.949298303824495,7
GCM1,ELF1,GCM1_ELF1_2,2,0,6,-2,0.2600121484809,0.32841100854081395,0.588423157021714,4
GCM1,ELF1,GCM1_ELF1_3,3,1,6,0,0.376081864222464,0.339450745069472,0.7155326092919359,6
GCM1,ELK1,GCM1_ELK1,1,0,-1,11,0.488372620654639,0.35970129691989006,0.8480739175745291,-1
GCM1,ELK1,GCM1_ELK1_2,1,0,-1,5,0.480340443872002,0.36428089116795703,0.84462133503996,5
GCM1,ELK1,GCM1_ELK1_3,1,0,-1,5,0.4669500412208711,0.34983995320812394,0.816789994428994,5
GCM1,ELK3,GCM1_ELK3,3,1,7,-1,0.21581769302517298,0.144229370358774,0.360047063383948,2
GCM1,ELK3,GCM1_ELK3_2,1,0,-1,5,0.37893182396053704,0.319154174784552,0.698085998745088,5
GCM1,ERG,GCM1_ERG,1,0,-1,5,0.37196401642618604,0.450658261506214,0.8226222779324,5
GCM1,ETV1,GCM1_ETV1,1,0,-1,5,0.512213162937474,0.3494315016308,0.861644664568275,5
GCM1,ETV4,GCM1_ETV4,1,0,-1,5,0.419558258006308,0.29293721317236,0.712495471178668,5
GCM1,ETV7,GCM1_ETV7,4,1,-3,8,0.520647167011003,0.25010402650121,0.7707511935122131,0
GCM1,ETV7,GCM1_ETV7_2,4,1,-3,8,0.46455016008197597,0.301201663992183,0.7657518240741591,0
GCM1,FIGLA,GCM1_FIGLA,4,1,-1,7,0.26739071529416303,0.24712910480425,0.5145198200984129,3
GCM1,FIGLA,GCM1_FIGLA_10,3,0,11,-2,0.161979638251728,0.12785633419127002,0.28983597244299797,-3
GCM1,FIGLA,GCM1_FIGLA_2,3,0,15,-2,0.208080455472239,0.15653636918806899,0.364616824660308,-7
GCM1,FIGLA,GCM1_FIGLA_3,3,0,14,-2,0.21382264829273603,0.153216326940134,0.36703897523287,-6
GCM1,FIGLA,GCM1_FIGLA_4,3,0,12,-2,0.20085920868543497,0.13140707137557,0.332266280061005,-4
GCM1,FIGLA,GCM1_FIGLA_5,3,0,11,-2,0.229377022566825,0.161233456864626,0.39061047943145094,-3
GCM1,FIGLA,GCM1_FIGLA_6,4,1,-1,11,0.254450617253074,0.160349328619096,0.41479994587216995,-1
GCM1,FIGLA,GCM1_FIGLA_7,3,0,15,-2,0.0718179472494744,0.16699673057733802,0.23881467782681198,-7
GCM1,FIGLA,GCM1_FIGLA_8,3,0,13,-2,0.11162819696224799,0.165947812724518,0.277576009686766,-5
GCM1,FIGLA,GCM1_FIGLA_9,3,0,12,-2,0.139179433507423,0.139450075223773,0.278629508731195,-4
GCM1,FOXI1,GCM1_FOXI1,3,0,5,1,0.27855313866225,0.451036770534527,0.729589909196777,3
GCM1,FOXI1,GCM1_FOXI1_2,2,0,3,0,0.35880576350215504,0.310001347910555,0.66880711141271,4
GCM1,FOXI1,GCM1_FOXI1_3,2,0,5,2,0.39333787142893,0.30409519853703004,0.6974330699659599,4
GCM1,FOXI1,GCM1_FOXI1_4,2,0,5,0,0.317149929863325,0.21652680375843902,0.5336767336217639,2
GCM1,FOXI1,GCM1_FOXI1_5,3,0,4,0,0.266217665589389,0.44908439514116794,0.715302060730557,3
GCM1,FOXO1,GCM1_FOXO1,2,0,3,0,0.322327034834586,0.41278083650203007,0.7351078713366149,5
GCM1,FOXO1,GCM1_FOXO1_2,2,0,3,0,0.34802271746765195,0.34503677214195,0.6930594896096021,5
GCM1,HOXA13,GCM1_HOXA13,1,0,-1,5,0.25133387910725,0.5764818221263089,0.8278157012335591,5
GCM1,HOXA2,GCM1_HOXA2,4,0,-1,7,0.32880427899501696,0.24987727758394604,0.578681556578963,3
GCM1,HOXB13,GCM1_HOXB13,1,0,-1,5,0.291330235872703,0.5769664301421209,0.868296666014824,5
GCM1,HOXB13,GCM1_HOXB13_2,3,1,6,-2,0.351603112841098,0.509545798318125,0.861148911159223,3
GCM1,HOXB13,GCM1_HOXB13_3,3,1,7,-2,0.281196680196931,0.3925453768633161,0.673742057060247,2
GCM1,HOXB13,GCM1_HOXB13_4,1,0,-1,5,0.260718503768657,0.48213367850086203,0.742852182269519,5
GCM1,MAX,GCM1_MAX,3,0,8,0,0.240717226866028,0.11335818977809,0.35407541664411796,2
GCM1,MAX,GCM1_MAX_2,3,0,17,0,0.184651017199555,0.0498547161067177,0.234505733306272,-7
GCM1,MAX,GCM1_MAX_3,4,0,-1,12,0.1807091516759,0.0529581956862399,0.23366734736214,-2
GCM1,MAX,GCM1_MAX_4,3,0,6,-2,0.284273268405099,0.0750849937604089,0.359358262165508,2
GCM1,MAX,GCM1_MAX_5,3,0,17,0,0.11668702349046901,0.0640252941629102,0.180712317653379,-7
GCM1,MAX,GCM1_MAX_6,4,0,-1,12,0.18996825086153302,0.047633806033613,0.23760205689514605,-2
GCM1,NHLH1,GCM1_NHLH1,3,0,13,-1,0.215332602281582,0.172124145876425,0.387456748158007,-4
GCM1,NHLH1,GCM1_NHLH1_2,3,0,12,-1,0.249580817137685,0.172503564831117,0.42208438196880294,-3
GCM1,ONECUT2,GCM1_ONECUT2,1,0,-1,4,0.302161685519938,0.3779249666016629,0.6800866521215999,6
GCM1,ONECUT2,GCM1_ONECUT2_2,1,0,-1,4,0.316990337154268,0.384711362080284,0.7017016992345511,6
GCM1,PITX1,GCM1_PITX1,3,0,13,-1,0.185497879622422,0.20550340955152602,0.391001289173948,-6
GCM1,PITX1,GCM1_PITX1_2,3,0,11,-1,0.17725776840568502,0.203519537890172,0.38077730629585704,-4
GCM1,PITX1,GCM1_PITX1_3,3,0,10,-1,0.21626504717632,0.147391917416679,0.363656964592999,-3
GCM1,SOX2,GCM1_SOX2,4,0,-1,7,0.18769998220115197,0.6310423021387049,0.8187422843398571,3
GCM1,SPDEF,GCM1_SPDEF,3,0,15,13,0.41046436689143,0.30804104683199,0.71850541372342,9
GCM1,SPDEF,GCM1_SPDEF_2,3,0,16,14,0.396674812066898,0.287281327242226,0.683956139309124,9
GCM1,SPDEF,GCM1_SPDEF_3,2,0,-1,-6,0.43483353329642793,0.41576431693584004,0.850597850232268,6
GCM1,SPDEF,GCM1_SPDEF_4,3,0,16,14,0.459344345310071,0.361678059588383,0.8210224048984541,9
GCM1,SPDEF,GCM1_SPDEF_5,3,0,15,13,0.452402225097285,0.346075089541683,0.798477314638968,9
GCM1,TBX21,GCM1_TBX21,2,0,6,-1,0.231504249088697,0.36826641152333794,0.5997706606120339,3
GCM1,TBX21,GCM1_TBX21_2,2,0,19,-1,0.309816380275433,0.34919113302913896,0.6590075133045721,-10
GCM2,DLX2,GCM2_DLX2,4,0,-1,11,0.199452952587869,0.0948250769539413,0.29427802954181104,-2
GCM2,DLX3,GCM2_DLX3,4,0,-1,12,0.152407922061216,0.177889659697186,0.330297581758402,-3
GCM2,DLX3,GCM2_DLX3_2,4,0,-1,11,0.20720152543722398,0.193372512263504,0.40057403770072797,-2
GCM2,DRGX,GCM2_DRGX,4,0,-1,6,0.14886090470173802,0.335237256392229,0.484098161093967,3
GCM2,DRGX,GCM2_DRGX_2,4,0,-1,7,0.176653483001215,0.32326306837080704,0.499916551372022,2
GCM2,E2F8,GCM2_E2F8,4,0,-1,8,0.20621538618747898,0.42852808853518504,0.6347434747226629,1
GCM2,ELK1,GCM2_ELK1,1,0,-1,5,0.354032574664236,0.366402066306437,0.720434640970673,4
GCM2,EOMES,GCM2_EOMES,1,0,-1,7,0.11399996207877999,0.27907319585214896,0.393073157930929,2
GCM2,FIGLA,GCM2_FIGLA,4,0,-1,7,0.14493763987319,0.219441198286005,0.36437883815919503,2
GCM2,FIGLA,GCM2_FIGLA_2,3,0,14,-1,0.0699826782726897,0.145929962077163,0.215912640349852,-5
GCM2,FOXI1,GCM2_FOXI1,2,0,3,0,0.35134545740806794,0.309385801148329,0.6607312585563969,4
GCM2,FOXI1,GCM2_FOXI1_2,3,0,4,0,0.162822818483764,0.468259961634124,0.6310827801178891,3
GCM2,HES7,GCM2_HES7,1,0,-1,9,0.25895432070922797,0.38032490775423494,0.639279228463464,0
GCM2,HOXA13,GCM2_HOXA13,1,0,-1,5,0.115612973499812,0.5506261091958741,0.6662390826956861,4
GCM2,MAX,GCM2_MAX,4,0,-1,8,0.192189348265587,0.23907084469991,0.43126019296549606,1
GCM2,ONECUT2,GCM2_ONECUT2,1,0,-1,8,0.128703310688271,0.274701323631242,0.4034046343195129,1
GCM2,PITX1,GCM2_PITX1,4,0,-1,7,0.23787005879455897,0.15428982244884099,0.39215988124340007,2
GCM2,PITX1,GCM2_PITX1_2,4,0,-1,6,0.33022125149134,0.24610236839762098,0.5763236198889611,3
GCM2,SOX15,GCM2_SOX15,4,0,-1,11,0.139840263738488,0.6893946102282069,0.829234873966694,-2
GCM2,SOX15,GCM2_SOX15_2,4,0,-1,12,0.15148165999562802,0.68343689175829,0.8349185517539179,-3
GCM2,SOX15,GCM2_SOX15_3,1,0,-1,12,0.13045123293888197,0.6018130686584799,0.732264301597362,-3
GCM2,SOX15,GCM2_SOX15_4,1,0,-1,11,0.158869772104126,0.620879993162592,0.779749765266718,-2
GCM2,TBX21,GCM2_TBX21,2,0,6,-1,0.24125129608449203,0.288462329138159,0.529713625222651,3
GCM2,TBX21,GCM2_TBX21_2,1,0,-1,8,0.27033393798635696,0.236307100857051,0.5066410388434079,1
GCM2,TEF,GCM2_TEF,4,0,-1,9,0.174773503330678,0.146859752681797,0.32163325601247494,0
HOXA3,EOMES,HOXA3_EOMES,3,1,5,-4,0.356845825371563,0.337397075494292,0.6942429008658549,4
HOXA3,PAX5,HOXA3_PAX5,1,0,-2,5,0.37437627266391904,0.161215306001398,0.5355915786653179,3
HOXB13,ELK1,HOXB13_ELK1,2,0,6,0,0.428506872744853,0.24755741618701202,0.676064288931865,4
HOXB13,EOMES,HOXB13_EOMES,2,0,5,-1,0.457562389892874,0.42248734841006896,0.8800497383029442,7
HOXB13,EOMES,HOXB13_EOMES_2,4,0,-1,5,0.448841893087916,0.40640981028289,0.855251703370806,5
HOXB13,ETV1,HOXB13_ETV1,2,0,6,0,0.509435437785743,0.14734125405152199,0.6567766918372651,4
HOXB13,ONECUT2,HOXB13_ONECUT2,4,0,-1,6,0.48992003782596,0.34368425521312795,0.8336042930390879,4
HOXB13,TBX21,HOXB13_TBX21,2,0,8,-1,0.45424003241390104,0.18570085796848002,0.639940890382381,1
HOXB13,TBX21,HOXB13_TBX21_2,2,0,7,-1,0.519739092447889,0.283090427538976,0.8028295199868649,2
HOXB13,TBX21,HOXB13_TBX21_3,4,1,-2,7,0.479098682607147,0.29512510247840196,0.774223785085549,2
HOXB13,TBX3,HOXB13_TBX3,4,0,-1,8,0.378495804270469,0.17803275244461,0.556528556715079,2
HOXB13,TBX3,HOXB13_TBX3_2,4,0,-1,10,0.35180384754252897,0.194245346896597,0.546049194439126,0
HOXB2,ELF1,HOXB2_ELF1,2,0,8,-3,0.383076734358425,0.21932557447309098,0.602402308831516,1
HOXB2,ELF1,HOXB2_ELF1_2,1,0,0,10,0.15244949857807902,0.30135334143503806,0.453802840013117,0
HOXB2,ELF1,HOXB2_ELF1_3,1,0,-1,10,0.178575753652443,0.28983897997323105,0.46841473362567404,-1
HOXB2,ELF1,HOXB2_ELF1_4,3,1,9,0,0.19876141206391099,0.307074116950762,0.505835529014673,3
HOXB2,ELF1,HOXB2_ELF1_5,3,1,10,0,0.227317220717629,0.352130801956897,0.579448022674526,2
HOXB2,ELK1,HOXB2_ELK1,2,0,6,0,0.38254001514586,0.125923959456452,0.508463974602312,4
HOXB2,ELK1,HOXB2_ELK1_2,3,1,7,0,0.29143074431409,0.0778408904332833,0.36927163474737396,3
HOXB2,ELK3,HOXB2_ELK3,2,0,9,0,0.375715170627425,0.12892017360393598,0.504635344231362,1
HOXB2,ELK3,HOXB2_ELK3_2,3,1,10,0,0.291834236667018,0.109529676905198,0.401363913572216,0
HOXB2,EOMES,HOXB2_EOMES,4,1,-2,0,0.289001255683708,0.4084509692418571,0.697452224925565,8
HOXB2,EOMES,HOXB2_EOMES_2,3,1,5,-4,0.31668061353133503,0.33022438408280896,0.646904997614144,4
HOXB2,ESRRB,HOXB2_ESRRB,3,1,12,-2,0.11542435041563001,0.0597451440548113,0.175169494470441,-3
HOXB2,ESRRB,HOXB2_ESRRB_2,3,1,11,-2,0.116001276647365,0.11845308424062499,0.23445436088799,-2
HOXB2,ETV1,HOXB2_ETV1,4,1,-2,1,0.47732594409664897,0.24117850443518402,0.718504448531833,7
HOXB2,ETV4,HOXB2_ETV4,4,1,-1,2,0.438027840943837,0.240038762978411,0.6780666039222479,7
HOXB2,ETV7,HOXB2_ETV7,2,1,15,-2,0.22874570088044502,0.174077844062299,0.4028235449427439,-6
HOXB2,ETV7,HOXB2_ETV7_2,2,0,10,-1,0.15022068514161402,0.143413043978458,0.293633729120072,0
HOXB2,ETV7,HOXB2_ETV7_3,2,0,11,-1,0.25257314608182696,0.179793867086397,0.432367013168224,-1
HOXB2,HOXB13,HOXB2_HOXB13,1,0,-2,4,0.3589209083660229,0.25115408543310297,0.610074993799125,4
HOXB2,HOXB13,HOXB2_HOXB13_2,2,0,7,-1,0.43846680937147,0.21061140452481103,0.6490782138962821,3
HOXB2,HOXB13,HOXB2_HOXB13_3,1,0,-1,4,0.39925641077927,0.352656972128324,0.7519133829075929,5
HOXB2,NHLH1,HOXB2_NHLH1,4,0,-1,10,0.26612908364196197,0.11809461097703,0.384223694618992,-1
HOXB2,NHLH1,HOXB2_NHLH1_2,1,0,-1,11,0.280205659467114,0.0912765709461024,0.37148223041321704,-2
HOXB2,NHLH1,HOXB2_NHLH1_3,4,0,-1,12,0.291757136088864,0.12770010755963498,0.41945724364849896,-3
HOXB2,PAX1,HOXB2_PAX1,2,0,8,1,0.39360968886040504,0.227027623523178,0.620637312383583,10
HOXB2,PAX1,HOXB2_PAX1_2,1,0,-1,6,0.41263653609804296,0.122016943708125,0.534653479806168,3
HOXB2,PAX5,HOXB2_PAX5,2,0,8,1,0.33885000995837605,0.19869517291363198,0.537545182872008,11
HOXB2,PAX5,HOXB2_PAX5_2,1,0,-1,6,0.36673231551078206,0.134846516812274,0.501578832323057,3
HOXB2,PAX9,HOXB2_PAX9,1,0,-1,6,0.41072821333795206,0.14574602724704902,0.556474240585,3
HOXB2,PAX9,HOXB2_PAX9_2,2,0,7,0,0.374326060008464,0.238598127311021,0.612924187319485,10
HOXB2,PITX1,HOXB2_PITX1,2,1,6,-1,0.25588015474995396,0.14364000950517497,0.39952016425513,1
HOXB2,PITX1,HOXB2_PITX1_2,2,1,5,-1,0.27094171337384804,0.118626354233876,0.38956806760772295,2
HOXB2,PITX1,HOXB2_PITX1_3,2,1,8,-1,0.22567137382482,0.11452421243633501,0.34019558626115504,-1
HOXB2,PITX1,HOXB2_PITX1_4,2,1,7,-1,0.192677802382197,0.10388554022664699,0.296563342608844,0
HOXB2,RFX5,HOXB2_RFX5,1,0,-1,4,0.146262923461829,0.502831990065435,0.6490949135272641,5
HOXB2,RFX5,HOXB2_RFX5_2,1,1,7,10,0.18568796568197002,0.46628032599650704,0.651968291678477,7
HOXB2,RFX5,HOXB2_RFX5_3,3,1,8,-1,0.12116914564457999,0.409352171427301,0.5305213170718811,7
HOXB2,SOX15,HOXB2_SOX15,2,0,10,10,0.225072770640864,0.651784534013154,0.876857304654019,15
HOXB2,SOX15,HOXB2_SOX15_2,2,0,9,9,0.148210154468781,0.5972858830978021,0.745496037566583,15
HOXB2,SOX15,HOXB2_SOX15_3,2,0,8,8,0.18446246661092103,0.5705667572355411,0.7550292238464621,15
HOXB2,SOX15,HOXB2_SOX15_4,3,0,-1,-10,0.205779542279621,0.567991666679904,0.7737712089595251,6
HOXB2,SOX15,HOXB2_SOX15_5,3,0,-1,-10,0.22303232772536397,0.6130370641248721,0.8360693918502359,6
HOXB2,SPDEF,HOXB2_SPDEF,2,0,11,0,0.1216532248656,0.11411279975614999,0.23576602462175,0
HOXB2,TBX21,HOXB2_TBX21,4,1,-2,3,0.27329468286250697,0.316274725542427,0.589569408404933,5
HOXB2,TBX21,HOXB2_TBX21_2,2,0,10,-1,0.232688394009193,0.33896869657879,0.5716570905879829,-1
HOXB2,TBX21,HOXB2_TBX21_3,3,1,5,-1,0.377648587624052,0.31463829226760603,0.6922868798916579,4
HOXB2,TBX3,HOXB2_TBX3,4,1,-2,4,0.31257709753984697,0.173673455950613,0.48625055349046,4
HOXB2,TCF3,HOXB2_TCF3,2,0,9,-1,0.210260586643005,0.121328323901784,0.331588910544789,0
HOXB2,TCF3,HOXB2_TCF3_2,3,0,9,-1,0.16234710903516,0.13656773759979,0.29891484663495,0
HOXC10,EOMES,HOXC10_EOMES,3,0,6,-4,0.26818414081992203,0.257515356726691,0.525699497546613,3
HOXC10,TBX21,HOXC10_TBX21,3,0,6,-1,0.25276025457520196,0.328868476236795,0.5816287308119971,3
HOXD12,ELK1,HOXD12_ELK1,2,0,8,1,0.384519548842735,0.22805625626576898,0.612575805108504,3
HOXD12,ELK1,HOXD12_ELK1_2,2,0,7,0,0.20762160670604698,0.20141803106634,0.40903963777238705,3
HOXD12,ELK3,HOXD12_ELK3,3,1,8,0,0.22307121002777497,0.111968594725819,0.335039804753593,2
HOXD12,ELK3,HOXD12_ELK3_2,2,0,7,0,0.24788878746472304,0.153764110052813,0.40165289751753597,3
HOXD12,ELK3,HOXD12_ELK3_3,2,0,7,0,0.312899363303864,0.19799465702975,0.510894020333615,3
HOXD12,EOMES,HOXD12_EOMES,3,0,22,12,0.404748189322941,0.27478285117443496,0.679531040497376,3
HOXD12,EOMES,HOXD12_EOMES_2,3,1,15,12,0.43093727871992893,0.6097645984628579,1.04070187718279,10
HOXD12,EOMES,HOXD12_EOMES_3,3,0,6,-4,0.363853570869846,0.25930175572486697,0.623155326594714,3
HOXD12,ETV1,HOXD12_ETV1,2,0,7,0,0.194849504111928,0.201775666934494,0.39662517104642203,3
HOXD12,ETV1,HOXD12_ETV1_2,2,0,7,0,0.366629632154099,0.24046457359226,0.607094205746359,3
HOXD12,ETV4,HOXD12_ETV4,2,0,7,0,0.17715029321503897,0.194266251992642,0.371416545207682,3
HOXD12,ETV4,HOXD12_ETV4_2,2,0,7,0,0.37524119623708596,0.22715830927420702,0.602399505511293,3
HOXD12,FIGLA,HOXD12_FIGLA,4,0,0,10,0.24445958497753895,0.176376950997068,0.420836535974607,-1
HOXD12,HOXA3,HOXD12_HOXA3,3,0,7,-1,0.184344207985349,0.331193934282292,0.5155381422676409,2
HOXD12,HOXA3,HOXD12_HOXA3_2,3,0,8,-1,0.250703727190219,0.319409491004178,0.570113218194397,1
HOXD12,TBX21,HOXD12_TBX21,2,0,9,-1,0.358433867405741,0.243190997436688,0.6016248648424289,0
HOXD12,TBX21,HOXD12_TBX21_2,3,0,22,15,0.32870823149849704,0.387128676215306,0.715836907713803,3
HOXD12,TBX21,HOXD12_TBX21_3,3,0,6,-1,0.400391819107056,0.39081088171723105,0.7912027008242869,3
MEIS1,DLX2,MEIS1_DLX2,4,0,-1,7,0.154196531290132,0.134426172351611,0.28862270364174203,-1
MEIS1,DLX3,MEIS1_DLX3,4,0,-1,7,0.0684936498765258,0.154993714971537,0.22348736484806303,-1
MEIS1,DRGX,MEIS1_DRGX,4,0,-1,5,0.23002624829968601,0.22479894189073604,0.4548251901904221,1
MEIS1,DRGX,MEIS1_DRGX_2,2,1,3,-6,0.195308487622143,0.40617220902348494,0.6014806966456279,4
MEIS1,ELF1,MEIS1_ELF1,2,0,0,0,0.47493385721146597,0.367907667998413,0.842841525209879,12
MEIS1,EOMES,MEIS1_EOMES,2,0,5,-1,0.21498061916378,0.4869518549507821,0.701932474114563,7
MEIS1,EVX1,MEIS1_EVX1,1,0,-1,8,0.168756584032685,0.336393153573947,0.505149737606633,-2
MEIS1,HOXA13,MEIS1_HOXA13,4,1,-1,5,0.109180851725422,0.42783774329291707,0.53701859501834,1
MEIS1,HOXB13,MEIS1_HOXB13,4,1,-1,5,0.182674181301635,0.38677082135989205,0.569445002661526,1
MEIS1,MAX,MEIS1_MAX,1,0,0,10,0.162065254543679,0.0861710447281864,0.248236299271865,-3
MEIS1,ONECUT2,MEIS1_ONECUT2,1,0,-1,4,0.114423621094075,0.26390946540551397,0.378333086499589,2
MEIS1,SOX2,MEIS1_SOX2,4,0,-1,9,0.119701631816612,0.526377333234485,0.6460789650510971,-3
MEIS2,ONECUT2,MEIS2_ONECUT2,1,0,0,5,0.169482421926155,0.314656128620732,0.484138550546887,3
MGA,DLX2,MGA_DLX2,4,0,0,5,0.24461546424599398,0.129789836698761,0.374405300944755,3
MGA,DLX2,MGA_DLX2_2,2,0,8,0,0.0826077225947664,0.17266590018823802,0.255273622783005,0
MGA,DLX3,MGA_DLX3,4,0,0,5,0.20488222337201897,0.164688876963818,0.369571100335837,3
MGA,DLX3,MGA_DLX3_2,2,0,7,-1,0.132076157420038,0.21650975466093397,0.348585912080973,0
MGA,EVX1,MGA_EVX1,4,0,0,4,0.265302390952745,0.27104495592933603,0.536347346882081,4
MGA,EVX1,MGA_EVX1_2,4,0,0,4,0.281924577815706,0.31669091184053494,0.5986154896562409,4
MGA,PITX1,MGA_PITX1,1,0,0,5,0.28745103794223403,0.222736097998803,0.510187135941037,3
MYBL1,ELF1,MYBL1_ELF1,2,0,4,-1,0.313764082283088,0.43685598250709706,0.7506200647901851,7
MYBL1,EOMES,MYBL1_EOMES,2,1,7,-1,0.359806119359961,0.32029950265611606,0.680105622016077,5
MYBL1,EOMES,MYBL1_EOMES_2,4,1,-4,1,0.28723378736570504,0.48157560717079295,0.7688093945364979,6
MYBL1,FIGLA,MYBL1_FIGLA,3,0,10,-1,0.260068904974896,0.182964929293857,0.443033834268753,-1
MYBL1,FIGLA,MYBL1_FIGLA_2,3,0,11,-1,0.268772810872118,0.176028225545488,0.444801036417605,-2
MYBL1,FIGLA,MYBL1_FIGLA_3,3,0,12,-1,0.266082886785013,0.180747072432805,0.446829959217818,-3
MYBL1,FIGLA,MYBL1_FIGLA_4,4,1,-2,12,0.31702082804209303,0.13940445038594698,0.45642527842804,-3
MYBL1,FIGLA,MYBL1_FIGLA_5,1,1,-2,11,0.283481623111451,0.18270401721108398,0.46618564032253496,-2
MYBL1,HOXA13,MYBL1_HOXA13,2,0,10,-1,0.29062722981052197,0.130323844815427,0.42095107462594894,0
MYBL1,MAX,MYBL1_MAX,4,1,-2,8,0.33112129539813695,0.074431596425841,0.40555289182397797,1
MYBL1,MAX,MYBL1_MAX_2,2,1,12,-2,0.30556420126236306,0.0508410351416641,0.35640523640402705,-4
MYBL1,MAX,MYBL1_MAX_3,2,1,13,-2,0.28672646913057104,0.062325919348903,0.34905238847947395,-5
MYBL1,ONECUT2,MYBL1_ONECUT2,2,1,5,-4,0.301542381269737,0.310232889639226,0.611775270908963,5
MYBL1,TBX21,MYBL1_TBX21,4,1,-1,5,0.41756575259490003,0.173530248601727,0.5910960011966271,5
PITX1,EOMES,PITX1_EOMES,3,1,9,-4,0.12833425376083699,0.33040563632781295,0.45873989008865,0
PITX1,EOMES,PITX1_EOMES_2,4,1,-1,6,0.12011993470943598,0.27133331153544,0.391453246244876,1
PITX1,FIGLA,PITX1_FIGLA,1,0,-1,8,0.144506757804132,0.13859962239302698,0.28310638019716,-1
PITX1,HES7,PITX1_HES7,1,1,-1,5,0.11737726601958802,0.42827049471000395,0.5456477607295921,2
PITX1,HES7,PITX1_HES7_2,1,1,-1,6,0.122577291519788,0.5098421133563521,0.63241940487614,1
PITX1,HES7,PITX1_HES7_3,1,1,-1,7,0.122445657509077,0.42193610265295095,0.5443817601620279,0
PITX1,HOXA3,PITX1_HOXA3,1,1,-1,8,0.096362133460517,0.32641381345500803,0.42277594691552506,-1
PITX1,TBX21,PITX1_TBX21,4,1,-1,7,0.121179647195117,0.17539899027691,0.296578637472028,0
POU2F1,DLX2,POU2F1_DLX2,2,1,13,-1,0.352132806804383,0.247661433561708,0.5997942403660911,-6
POU2F1,DLX2,POU2F1_DLX2_2,4,0,2,13,0.35856044424308203,0.136261107600315,0.494821551843396,1
POU2F1,DLX2,POU2F1_DLX2_3,2,1,6,-1,0.3048378025857,0.18639856918641198,0.49123637177211105,1
POU2F1,ELK1,POU2F1_ELK1,2,0,4,0,0.311097785885107,0.367326184635548,0.6784239705206551,6
POU2F1,ELK1,POU2F1_ELK1_2,2,0,4,0,0.32558920025472304,0.43797864703771705,0.76356784729244,6
POU2F1,EOMES,POU2F1_EOMES,1,0,-7,4,0.346370653581576,0.53824738043123,0.8846180340128059,1
POU2F1,EOMES,POU2F1_EOMES_2,2,0,8,-4,0.314512163989095,0.463882675575224,0.7783948395643191,1
POU2F1,EOMES,POU2F1_EOMES_3,2,0,9,-1,0.491315026680252,0.507425129423264,0.998740156103516,3
POU2F1,EOMES,POU2F1_EOMES_4,1,0,1,6,0.41105746798130394,0.5057944782809289,0.916851946262233,7
POU2F1,EOMES,POU2F1_EOMES_5,4,0,1,19,0.4018753453250421,0.33847208463337,0.7403474299584121,-6
POU2F1,ETV1,POU2F1_ETV1,2,0,4,0,0.324382277324822,0.33522000572688504,0.659602283051707,6
POU2F1,ETV4,POU2F1_ETV4,2,0,4,0,0.33120104191155797,0.421224907947872,0.75242594985943,6
POU2F1,ETV4,POU2F1_ETV4_2,2,0,4,0,0.33120104191155797,0.421224907947872,0.75242594985943,6
POU2F1,FOXO6,POU2F1_FOXO6,1,0,1,24,0.324431281112592,0.4482233670649171,0.7726546481775091,-11
POU2F1,FOXO6,POU2F1_FOXO6_2,3,1,23,0,0.311987427088334,0.340941740428687,0.652929167517021,-16
POU2F1,FOXO6,POU2F1_FOXO6_3,1,0,1,21,0.357775085952734,0.271772415562551,0.629547501515285,-8
POU2F1,GSC2,POU2F1_GSC2,3,0,7,-1,0.280771409687827,0.186140722130997,0.46691213181882396,2
POU2F1,GSC2,POU2F1_GSC2_2,3,0,7,-1,0.280771409687827,0.186140722130997,0.46691213181882396,2
POU2F1,HOXB13,POU2F1_HOXB13,3,1,8,-2,0.272043674618019,0.46353550980499997,0.735579184423019,1
POU2F1,SOX15,POU2F1_SOX15,3,1,4,-2,0.354182769989117,0.45346010839015,0.8076428783792672,9
POU2F1,SOX15,POU2F1_SOX15_2,3,1,4,-2,0.351348524545722,0.487529354271689,0.8388778788174109,9
POU2F1,SOX15,POU2F1_SOX15_3,3,1,6,0,0.39974270583000804,0.547289528113726,0.9470322339437329,9
POU2F1,SOX2,POU2F1_SOX2,3,1,5,-7,0.230219309274921,0.47542587892242605,0.7056451881973471,3
POU2F1,SOX2,POU2F1_SOX2_2,3,1,5,-7,0.21600043846519199,0.542744326518614,0.7587447649838058,3
POU2F1,TBX21,POU2F1_TBX21,4,0,8,14,0.486888119007827,0.422328259526906,0.909216378534732,6
POU2F1,TBX21,POU2F1_TBX21_2,1,0,-7,4,0.33664289771788003,0.56555344688064,0.902196344598521,1
RFX3,BHLHA15,RFX3_BHLHA15,2,1,10,0,0.241932735794715,0.11165326863269802,0.35358600442741295,0
RFX3,ETV7,RFX3_ETV7,4,1,0,14,0.369180203158569,0.19929063954784,0.5684708427064089,1
RFX3,FIGLA,RFX3_FIGLA,4,0,-1,16,0.478399307869749,0.176979124063531,0.6553784319332809,-2
RFX3,FIGLA,RFX3_FIGLA_2,4,0,-7,9,0.268428672965206,0.14985786169124202,0.418286534656447,-1
RFX3,HES7,RFX3_HES7,3,1,10,-1,0.208571416338894,0.387836154456139,0.5964075707950329,1
RFX3,SREBF2,RFX3_SREBF2,3,1,9,0,0.38454877083255895,0.0914785809683849,0.47602735180094397,1
RFX3,SRF,RFX3_SRF,4,0,-7,9,0.27447503669623396,0.370702806428207,0.645177843124441,-1
SOX6,TBX21,SOX6_TBX21,4,1,-6,12,0.10786618301624,0.35603689235513597,0.46390307537137604,-7
SOX6,TBX21,SOX6_TBX21_2,2,0,8,-1,0.29626257865898303,0.40362934133890205,0.699891919997885,1
TEAD4,ALX4,TEAD4_ALX4,2,1,10,-6,0.166872898201392,0.22848001039900304,0.395352908600395,-3
TEAD4,ALX4,TEAD4_ALX4_2,1,0,-1,10,0.26077595079198396,0.137502304197855,0.398278254989839,-1
TEAD4,CEBPB,TEAD4_CEBPB,1,1,-1,12,0.144874167883011,0.0954672845861763,0.24034145246918698,-3
TEAD4,CEBPD,TEAD4_CEBPD,3,1,10,0,0.217855760343669,0.10066781976986398,0.31852358011353304,0
TEAD4,CEBPD,TEAD4_CEBPD_2,4,1,-1,14,0.160059689681508,0.0941469197024866,0.25420660938399503,-5
TEAD4,CEBPD,TEAD4_CEBPD_3,4,1,-1,13,0.15724418868159803,0.0975538764978733,0.254798065179471,-4
TEAD4,CEBPD,TEAD4_CEBPD_4,4,1,-1,12,0.15030681781837196,0.0975789520230856,0.24788576984145802,-3
TEAD4,CLOCK,TEAD4_CLOCK,2,0,11,-1,0.183799933781946,0.225193120569228,0.40899305435117295,-2
TEAD4,CLOCK,TEAD4_CLOCK_2,2,0,12,-1,0.144746018978296,0.16402419274135002,0.30877021171964697,-3
TEAD4,CLOCK,TEAD4_CLOCK_3,2,1,11,-1,0.110342731507262,0.166793119355802,0.27713585086306397,-2
TEAD4,CLOCK,TEAD4_CLOCK_4,2,1,12,-1,0.172686345162833,0.121820481488747,0.29450682665158,-3
TEAD4,DLX2,TEAD4_DLX2,1,0,-1,9,0.206709090410234,0.0786255408375439,0.285334631247778,0
TEAD4,DLX2,TEAD4_DLX2_2,1,0,-1,10,0.154844312037736,0.158552975769029,0.313397287806765,-1
TEAD4,DLX2,TEAD4_DLX2_3,4,0,-1,10,0.236742228220428,0.105150642210108,0.34189287043053607,-1
TEAD4,DLX2,TEAD4_DLX2_4,2,1,5,-1,0.30781600879228804,0.165505321070358,0.473321329862646,2
TEAD4,DLX2,TEAD4_DLX2_5,4,0,0,11,0.136384011696565,0.13096733945026598,0.267351351146831,-1
TEAD4,DLX2,TEAD4_DLX2_6,1,0,0,10,0.152859182081936,0.10682319135171199,0.25968237343364897,0
TEAD4,DLX3,TEAD4_DLX3,1,0,-1,9,0.149483220351049,0.13216888157536502,0.281652101926414,0
TEAD4,DLX3,TEAD4_DLX3_2,4,0,-1,10,0.16757988795613502,0.16719611536990397,0.334776003326039,-1
TEAD4,DLX3,TEAD4_DLX3_3,4,0,-1,10,0.137677899675535,0.24301875021479302,0.3806966498903289,-1
TEAD4,DLX3,TEAD4_DLX3_4,1,0,-1,9,0.15046009809896202,0.110478691324667,0.260938789423629,0
TEAD4,DRGX,TEAD4_DRGX,2,1,5,-6,0.33080564281803304,0.154742580009111,0.485548222827144,2
TEAD4,DRGX,TEAD4_DRGX_2,2,1,5,-6,0.22586326757423103,0.19347961156482196,0.419342879139054,2
TEAD4,ELF1,TEAD4_ELF1,3,1,6,0,0.35352367971718796,0.285316401952602,0.6388400816697901,6
TEAD4,ELF1,TEAD4_ELF1_2,3,1,6,0,0.328027586911435,0.28040620934808397,0.608433796259519,6
TEAD4,ELK1,TEAD4_ELK1,4,1,-1,8,0.38725873830857394,0.25830247926461497,0.645561217573189,1
TEAD4,ELK1,TEAD4_ELK1_2,3,1,6,0,0.321682146954428,0.268669766443399,0.590351913397827,4
TEAD4,ELK1,TEAD4_ELK1_3,1,0,-1,4,0.368266065422844,0.197919518484912,0.5661855839077571,5
TEAD4,ELK1,TEAD4_ELK1_4,3,1,6,0,0.321882166960456,0.304429167945519,0.6263113349059749,4
TEAD4,ELK3,TEAD4_ELK3,2,0,12,0,0.17860341780206798,0.0934060960101851,0.272009513812253,-2
TEAD4,EOMES,TEAD4_EOMES,4,0,5,11,0.19801040924222196,0.380074385810711,0.578084795052933,4
TEAD4,EOMES,TEAD4_EOMES_2,3,1,3,-4,0.23298333442282199,0.383545061579143,0.616528396001965,6
TEAD4,EOMES,TEAD4_EOMES_3,2,0,6,-1,0.23119815887213602,0.43713606409476,0.668334222966896,6
TEAD4,EOMES,TEAD4_EOMES_4,2,0,6,-1,0.172403243061448,0.46362521187274003,0.636028454934188,6
TEAD4,EOMES,TEAD4_EOMES_5,3,1,8,-4,0.18000314908254697,0.280371442153294,0.460374591235841,1
TEAD4,EOMES,TEAD4_EOMES_6,4,1,0,9,0.18597721301335898,0.31295919624604696,0.498936409259406,1
TEAD4,ERG,TEAD4_ERG,2,0,4,0,0.475311746912236,0.18270750305276398,0.658019249965,6
TEAD4,ERG,TEAD4_ERG_2,2,0,13,0,0.20736377777344897,0.125001264121908,0.332365041895357,-3
TEAD4,ERG,TEAD4_ERG_3,2,0,4,0,0.479182714765568,0.20653213739935397,0.685714852164922,6
TEAD4,ESRRB,TEAD4_ESRRB,1,0,-1,10,0.21693144568950304,0.235270890146068,0.45220233583557107,-1
TEAD4,ESRRB,TEAD4_ESRRB_2,1,0,-1,9,0.20638267618307102,0.23477782235247302,0.44116049853554395,0
TEAD4,ETV1,TEAD4_ETV1,2,0,4,0,0.49615939557061894,0.21379681991199698,0.7099562154826149,6
TEAD4,ETV4,TEAD4_ETV4,2,0,4,0,0.457241708481926,0.258812641528872,0.716054350010798,6
TEAD4,ETV7,TEAD4_ETV7,2,1,12,-3,0.32449089109187296,0.23481390427703303,0.559304795368906,-4
TEAD4,FIGLA,TEAD4_FIGLA,3,1,6,-2,0.13057318716952498,0.216688222048005,0.34726140921753,2
TEAD4,FIGLA,TEAD4_FIGLA_2,2,1,6,-2,0.135062723359556,0.190257436071129,0.32532015943068604,2
TEAD4,FIGLA,TEAD4_FIGLA_3,1,0,-2,14,0.14008330021370902,0.182541798626426,0.322625098840135,-6
TEAD4,FLI1,TEAD4_FLI1,2,0,4,0,0.42636368646322204,0.33297819973587295,0.7593418861990949,10
TEAD4,FOXI1,TEAD4_FOXI1,3,1,6,0,0.199577287668173,0.3714926961394989,0.5710699838076719,1
TEAD4,FOXI1,TEAD4_FOXI1_2,1,0,-1,21,0.142863816427201,0.329435953188278,0.47229976961547904,-12
TEAD4,FOXI1,TEAD4_FOXI1_3,1,0,-1,20,0.206162020189538,0.25780073259887504,0.4639627527884129,-11
TEAD4,FOXI1,TEAD4_FOXI1_4,1,0,-1,19,0.0895180158315208,0.27877528418048697,0.36829330001200805,-10
TEAD4,FOXI1,TEAD4_FOXI1_5,1,0,-1,18,0.202778508351022,0.46204392853355797,0.66482243688458,-9
TEAD4,GATA3,TEAD4_GATA3,4,1,-1,9,0.15271611310023497,0.136172056964471,0.288888170064705,0
TEAD4,GSC2,TEAD4_GSC2,3,1,6,-1,0.309741168119295,0.263567791872905,0.5733089599922,3
TEAD4,HES7,TEAD4_HES7,3,1,10,-2,0.167276393416952,0.45050251250629103,0.6177789059232429,0
TEAD4,HES7,TEAD4_HES7_2,3,1,12,-2,0.19001706634900198,0.443339668308464,0.633356734657466,-2
TEAD4,HES7,TEAD4_HES7_3,1,0,-1,6,0.178304055570369,0.444495962756906,0.6228000183272749,3
TEAD4,HES7,TEAD4_HES7_4,1,0,-1,9,0.14525905983028,0.45510725485423403,0.6003663146845141,0
TEAD4,HOXA13,TEAD4_HOXA13,2,0,4,-1,0.40720647352568606,0.233740196690558,0.640946670216244,6
TEAD4,HOXA13,TEAD4_HOXA13_2,3,1,6,-2,0.22927831687866895,0.331552479411467,0.560830796290136,3
TEAD4,HOXA13,TEAD4_HOXA13_3,1,0,-1,13,0.143352963679159,0.36274374395171205,0.506096707630871,-4
TEAD4,HOXA13,TEAD4_HOXA13_4,4,0,-1,11,0.18443496963453798,0.325111459092698,0.509546428727236,-2
TEAD4,HOXA2,TEAD4_HOXA2,1,0,-1,9,0.157684138253459,0.10328757607116199,0.260971714324621,0
TEAD4,HOXA2,TEAD4_HOXA2_2,1,0,-1,9,0.163413783887973,0.134984813366048,0.29839859725402096,0
TEAD4,HOXA3,TEAD4_HOXA3,1,0,-1,9,0.17582899381933997,0.249108240918888,0.424937234738228,0
TEAD4,HOXA3,TEAD4_HOXA3_2,1,0,-1,9,0.14623179504412803,0.258059786347907,0.40429158139203497,0
TEAD4,HOXB13,TEAD4_HOXB13,4,1,0,3,0.45045082455601604,0.26984521499678304,0.720296039552799,7
TEAD4,HOXB13,TEAD4_HOXB13_2,4,1,0,3,0.496742404633716,0.42003843850676204,0.916780843140478,7
TEAD4,HOXB13,TEAD4_HOXB13_3,3,1,6,-2,0.24415857844445701,0.387567560043943,0.6317261384884001,3
TEAD4,HOXB13,TEAD4_HOXB13_4,4,1,5,8,0.29494135961624,0.627233476944584,0.9221748365608241,7
TEAD4,HOXB13,TEAD4_HOXB13_5,3,1,6,-2,0.205450242556112,0.38656092806263,0.5920111706187421,3
TEAD4,HOXB13,TEAD4_HOXB13_6,4,1,-1,2,0.45704188977265797,0.278475721936132,0.73551761170879,7
TEAD4,MAX,TEAD4_MAX,2,1,6,-2,0.195860031945598,0.12364572314065499,0.31950575508625395,2
TEAD4,MAX,TEAD4_MAX_2,4,0,-1,11,0.124190497896445,0.0258890273333765,0.150079525229822,-2
TEAD4,MAX,TEAD4_MAX_3,1,0,-1,12,0.13697684115074002,0.0453724281018568,0.182349269252596,-3
TEAD4,ONECUT2,TEAD4_ONECUT2,4,0,-1,6,0.164450791816478,0.37367613835689,0.538126930173368,3
TEAD4,PAX5,TEAD4_PAX5,4,0,-1,11,0.192443382179717,0.0867099663634053,0.279153348543122,-2
TEAD4,PITX1,TEAD4_PITX1,4,0,-1,9,0.252381127584975,0.132337773981237,0.384718901566212,0
TEAD4,PITX1,TEAD4_PITX1_2,4,0,-1,10,0.22858359469613002,0.162251698902956,0.39083529359908603,-1
TEAD4,PITX1,TEAD4_PITX1_3,1,0,-1,11,0.17393431585705899,0.127893349334174,0.30182766519123305,-2
TEAD4,PITX1,TEAD4_PITX1_4,1,0,-1,10,0.19329643057096801,0.130973616651546,0.32427004722251396,-1
TEAD4,PITX1,TEAD4_PITX1_5,1,0,-1,10,0.144886829359103,0.0962759077416518,0.241162737100755,-1
TEAD4,RFX5,TEAD4_RFX5,1,0,-1,12,0.127426518897573,0.448238119265925,0.5756646381634979,-3
TEAD4,RFX5,TEAD4_RFX5_2,1,0,-1,13,0.152804716196731,0.460098045704738,0.61290276190147,-4
TEAD4,SOX15,TEAD4_SOX15,2,1,-1,-7,0.19604621531433702,0.440446828860642,0.6364930441749781,9
TEAD4,SOX15,TEAD4_SOX15_2,2,1,-1,-7,0.16770029219193203,0.434583381514375,0.602283673706308,9
TEAD4,SOX6,TEAD4_SOX6,4,1,-1,12,0.16288052696586902,0.154118465528372,0.316998992494241,-3
TEAD4,SPDEF,TEAD4_SPDEF,3,1,5,-1,0.32056016300308,0.39024590481370003,0.71080606781678,5
TEAD4,SPDEF,TEAD4_SPDEF_2,3,1,4,-2,0.287610169623414,0.36885268348991707,0.6564628531133311,5
TEAD4,SPDEF,TEAD4_SPDEF_3,2,1,15,0,0.328177994367632,0.34389082164742896,0.672068816015061,-4
TEAD4,SPIB,TEAD4_SPIB,3,1,6,0,0.35158388355285697,0.19239272820439499,0.543976611757252,8
TEAD4,SPIB,TEAD4_SPIB_2,3,1,6,0,0.288913750838337,0.24900458159134,0.537918332429677,8
TEAD4,TBX21,TEAD4_TBX21,2,0,5,-1,0.36834187768564397,0.270954914235853,0.639296791921497,4
TEAD4,TBX21,TEAD4_TBX21_2,4,1,-1,11,0.160242730488268,0.296653890933242,0.45689662142151,-2
TEAD4,TCF3,TEAD4_TCF3,1,1,0,6,0.38947512965168996,0.210386924028215,0.5998620536799039,4
TFAP2C,DLX3,TFAP2C_DLX3,4,0,1,17,0.34482778272144504,0.14902671291431102,0.493854495635756,-5
TFAP2C,DLX3,TFAP2C_DLX3_2,2,1,12,-1,0.29676508417206104,0.156598090532146,0.453363174704207,-5
TFAP2C,DLX3,TFAP2C_DLX3_3,1,0,0,15,0.33621660395196507,0.137420157770575,0.47363676172253993,-4
TFAP2C,DRGX,TFAP2C_DRGX,4,0,-1,10,0.21615109390099302,0.318761573742042,0.534912667643035,0
TFAP2C,E2F8,TFAP2C_E2F8,2,0,9,0,0.20583068757143502,0.481912835843979,0.6877435234154139,3
TFAP2C,ELK1,TFAP2C_ELK1,3,1,9,0,0.23686085714479896,0.234329924037463,0.471190781182263,1
TFAP2C,ETV7,TFAP2C_ETV7,2,1,16,-2,0.288088336368521,0.261450894958072,0.549539231326593,-7
TFAP2C,HES7,TFAP2C_HES7,3,0,14,-1,0.233911316775557,0.37881608971740505,0.612727406492962,-3
TFAP2C,HES7,TFAP2C_HES7_2,1,1,-1,12,0.232827183333195,0.39971164789581703,0.6325388312290121,-2
TFAP2C,HOXB13,TFAP2C_HOXB13,3,1,8,-2,0.36256324393264794,0.31065828312305,0.6732215270556989,1
TFAP2C,MAX,TFAP2C_MAX,2,1,9,-1,0.23681311972043897,0.072626066611668,0.309439186332107,0
TFAP2C,MAX,TFAP2C_MAX_2,3,1,10,-1,0.233896246333757,0.0845736006106282,0.318469846944385,-1
TFAP2C,MAX,TFAP2C_MAX_3,4,0,1,22,0.213257514650805,0.0456517024298122,0.258909217080618,-10
TFAP2C,MAX,TFAP2C_MAX_4,4,0,1,23,0.23261201997687,0.031095213893904003,0.263707233870773,-11
TFAP2C,ONECUT2,TFAP2C_ONECUT2,2,0,11,-4,0.220241492490018,0.216670904900708,0.43691239739072596,-1
TFAP2C,ONECUT2,TFAP2C_ONECUT2_2,2,0,13,-4,0.20609153892910298,0.308725386145565,0.514816925074668,-3
TFAP2C,ONECUT2,TFAP2C_ONECUT2_3,3,0,14,-2,0.202853141886381,0.332986742022135,0.535839883908516,-2
TFAP2C,ONECUT2,TFAP2C_ONECUT2_4,1,1,1,15,0.22010166622491104,0.324091692902758,0.544193359127668,-3
TFAP4,DLX3,TFAP4_DLX3,4,0,-1,13,0.255525584162642,0.22601062655068804,0.48153621071332997,-4
TFAP4,DLX3,TFAP4_DLX3_2,2,1,12,-1,0.258942169780562,0.179539783630737,0.438481953411299,-5
TFAP4,ETV1,TFAP4_ETV1,2,0,6,0,0.357396530572002,0.26293937052791,0.620335901099912,4
TFAP4,ETV4,TFAP4_ETV4,2,0,6,0,0.355246527184808,0.29830346524817103,0.653549992432979,4
TFAP4,FLI1,TFAP4_FLI1,2,0,6,-8,0.299598681278828,0.5169710607416671,0.8165697420204949,0
TFAP4,MAX,TFAP4_MAX,4,0,-1,10,0.248991016341766,0.0799486725892694,0.328939688931035,-1
TFAP4,MAX,TFAP4_MAX_2,4,0,-1,12,0.209149880300307,0.0882818858924293,0.297431766192737,-3
